Symbol,Entry_Time,Entry_Price,Exit_Price,Outcome,PnL_Pct,Max_Gain_Pct
ABB,09:30:00,4.9,5.8500000000000005,WIN (Trail),19.387755102040817,32.65306122448979
ADANIENT,09:50:00,2.2,1.7600000000000002,LOSS (Stop),-19.999999999999996,29.54545454545454
AMBUJACEM,09:50:00,0.25,0.49500000000000005,WIN (Trail),98.00000000000001,120.00000000000001
APLAPOLLO,09:45:00,1.85,2.43,WIN (Trail),31.351351351351354,45.94594594594595
APLAPOLLO,10:35:00,2.55,3.33,WIN (Trail),30.58823529411766,45.09803921568629
BANDHANBNK,09:20:00,0.3,0.405,WIN (Trail),35.000000000000014,50.000000000000014
BDL,10:00:00,4.25,3.4000000000000004,LOSS (Stop),-19.999999999999993,15.294117647058833
BEL,09:15:00,0.5,0.9900000000000001,WIN (Trail),98.00000000000001,120.00000000000001
BEL,09:50:00,0.7,0.5599999999999999,LOSS (Stop),-20.000000000000004,28.57142857142858
BEL,10:00:00,0.7,0.5599999999999999,LOSS (Stop),-20.000000000000004,28.57142857142858
BHARATFORG,09:25:00,3.0,2.4000000000000004,LOSS (Stop),-19.999999999999986,23.33333333333334
BPCL,10:15:00,0.45,0.765,WIN (Trail),70.0,88.88888888888889
BPCL,10:20:00,0.55,0.765,WIN (Trail),39.09090909090908,54.54545454545453
BPCL,10:25:00,0.3,0.45,WIN (Trail),50.000000000000014,66.66666666666667
BPCL,10:35:00,0.35,0.45,WIN (Trail),28.57142857142858,42.85714285714287
BSE,09:25:00,14.15,11.32,LOSS (Stop),-20.0,15.547703180212022
CANBK,09:15:00,0.3,0.24,LOSS (Stop),-20.0,0.0
CIPLA,09:25:00,1.0,1.1700000000000002,WIN (Trail),17.000000000000014,30.000000000000004
CIPLA,09:30:00,1.35,1.845,WIN (Trail),36.66666666666665,51.851851851851826
COFORGE,09:30:00,2.9,4.275,WIN (Trail),47.41379310344829,63.793103448275865
CUMMINSIND,09:20:00,5.95,8.73,WIN (Trail),46.72268907563025,63.0252100840336
DALBHARAT,09:15:00,3.3,4.23,WIN (Trail),28.1818181818182,42.424242424242436
DALBHARAT,09:20:00,1.15,2.745,WIN (Trail),138.69565217391306,165.2173913043478
DELHIVERY,09:30:00,0.75,1.08,WIN (Trail),44.000000000000014,60.0
DIXON,09:30:00,49.55,63.72,WIN (Trail),28.597376387487394,42.88597376387487
ETERNAL,09:15:00,0.5,0.81,WIN (Trail),62.000000000000014,80.0
ETERNAL,09:20:00,0.65,0.765,WIN (Trail),17.69230769230769,30.76923076923076
ETERNAL,09:25:00,0.75,0.9,WIN (Trail),20.000000000000004,33.33333333333333
ETERNAL,09:30:00,0.95,0.76,LOSS (Stop),-19.999999999999996,26.31578947368421
ETERNAL,09:35:00,1.05,0.8400000000000001,LOSS (Stop),-19.999999999999996,14.285714285714276
GAIL,09:30:00,0.38,0.45,WIN (Trail),18.42105263157895,31.57894736842105
GRASIM,09:30:00,1.2,1.8,WIN (Trail),50.000000000000014,66.66666666666667
GRASIM,09:50:00,2.1,1.6800000000000002,LOSS (Stop),-19.999999999999996,14.285714285714276
GRASIM,10:05:00,0.9,0.7200000000000001,LOSS (Stop),-19.999999999999993,22.22222222222223
HAL,09:15:00,4.5,6.4350000000000005,WIN (Trail),43.00000000000001,58.8888888888889
HAL,09:30:00,5.85,7.02,WIN (Trail),20.0,33.333333333333336
HEROMOTOCO,09:30:00,3.15,4.32,WIN (Trail),37.14285714285715,52.38095238095239
HFCL,09:30:00,0.24,0.48600000000000004,WIN (Trail),102.50000000000003,125.00000000000003
HFCL,09:35:00,0.52,0.774,WIN (Trail),48.84615384615385,65.38461538461537
HFCL,09:40:00,0.38,0.54,WIN (Trail),42.10526315789475,57.89473684210525
HFCL,09:45:00,1.07,0.8560000000000001,LOSS (Stop),-19.999999999999996,2.803738317757012
HFCL,09:50:00,1.15,1.395,WIN (Trail),21.304347826086968,34.782608695652186
HFCL,09:55:00,1.23,1.791,WIN (Trail),45.609756097560975,61.78861788617886
HINDPETRO,09:15:00,0.3,0.36000000000000004,WIN (Trail),20.000000000000018,33.33333333333335
HINDPETRO,09:30:00,0.35,0.5850000000000001,WIN (Trail),67.14285714285717,85.71428571428574
HINDUNILVR,09:50:00,0.7,0.5599999999999999,LOSS (Stop),-20.000000000000004,28.57142857142858
HINDUNILVR,10:35:00,0.5,0.55,OPEN,10.000000000000009,19.999999999999996
HINDZINC,09:30:00,2.75,3.285,WIN (Trail),19.45454545454546,32.72727272727272
HUDCO,09:35:00,0.31,0.405,WIN (Trail),30.64516129032259,45.16129032258065
HUDCO,09:45:00,0.55,0.8280000000000001,WIN (Trail),50.54545454545455,67.27272727272727
HUDCO,09:50:00,0.84,1.08,WIN (Trail),28.571428571428587,42.857142857142854
ICICIPRULI,09:15:00,0.45,0.36000000000000004,LOSS (Stop),-19.999999999999993,11.111111111111107
ICICIPRULI,10:05:00,0.4,0.32000000000000006,LOSS (Stop),-19.99999999999999,0.0
IDFCFIRSTB,09:15:00,0.04,0.07200000000000001,WIN (Trail),80.00000000000001,100.0
IDFCFIRSTB,09:40:00,0.04,0.054,WIN (Trail),35.0,49.999999999999986
INDIANB,09:20:00,0.7,0.9450000000000001,WIN (Trail),35.00000000000002,50.000000000000014
INDUSTOWER,09:40:00,0.4,0.54,WIN (Trail),35.0,49.999999999999986
INDUSTOWER,10:15:00,0.35,0.27999999999999997,LOSS (Stop),-20.000000000000004,0.0
INDUSTOWER,10:20:00,0.4,0.54,WIN (Trail),35.0,49.999999999999986
INOXWIND,09:25:00,0.3,0.36000000000000004,WIN (Trail),20.000000000000018,33.33333333333335
INOXWIND,09:30:00,0.48,0.5850000000000001,WIN (Trail),21.875000000000018,35.41666666666667
INOXWIND,09:35:00,0.62,0.846,WIN (Trail),36.45161290322581,51.61290322580644
INOXWIND,09:45:00,0.19,0.261,WIN (Trail),37.36842105263158,52.63157894736841
IOC,09:15:00,0.25,0.2,LOSS (Stop),-19.999999999999996,8.000000000000007
IOC,09:20:00,0.32,0.256,LOSS (Stop),-20.0,21.875000000000004
IOC,09:50:00,0.21,0.168,LOSS (Stop),-19.999999999999993,19.04761904761905
IRCTC,09:45:00,1.3,2.3400000000000003,WIN (Trail),80.00000000000001,100.0
JINDALSTEL,09:15:00,2.0,2.7,WIN (Trail),35.00000000000001,50.0
JINDALSTEL,09:20:00,1.4,1.845,WIN (Trail),31.785714285714295,46.42857142857142
JINDALSTEL,09:25:00,2.15,1.72,LOSS (Stop),-20.0,0.0
JINDALSTEL,09:30:00,1.75,2.205,WIN (Trail),26.000000000000007,40.00000000000001
JINDALSTEL,09:35:00,1.05,1.305,WIN (Trail),24.285714285714274,38.09523809523809
JSWSTEEL,09:20:00,1.4,1.71,WIN (Trail),22.142857142857146,35.714285714285715
JSWSTEEL,09:30:00,1.3,1.53,WIN (Trail),17.69230769230769,30.76923076923076
JSWSTEEL,09:35:00,1.35,1.71,WIN (Trail),26.666666666666654,40.740740740740726
JSWSTEEL,09:40:00,0.85,1.1700000000000002,WIN (Trail),37.647058823529434,52.941176470588246
JSWSTEEL,09:45:00,1.1,1.395,WIN (Trail),26.818181818181806,40.9090909090909
JSWSTEEL,09:55:00,1.6,1.2800000000000002,LOSS (Stop),-19.99999999999999,3.124999999999989
JSWSTEEL,10:05:00,1.35,1.08,LOSS (Stop),-20.0,7.407407407407398
JUBLFOOD,10:10:00,1.5,1.4,OPEN,-6.666666666666672,23.33333333333334
KALYANKJIL,09:25:00,1.25,1.62,WIN (Trail),29.60000000000001,44.00000000000001
KALYANKJIL,09:30:00,0.65,0.9450000000000001,WIN (Trail),45.38461538461539,61.53846153846154
KEI,09:20:00,3.8,3.04,LOSS (Stop),-19.999999999999996,0.0
KEI,09:25:00,3.0,4.59,WIN (Trail),52.99999999999999,69.99999999999999
KEI,09:30:00,4.0,6.57,WIN (Trail),64.25,82.5
KFINTECH,10:35:00,1.45,1.9800000000000002,WIN (Trail),36.55172413793105,51.7241379310345
LAURUSLABS,09:45:00,0.6,0.48,LOSS (Stop),-20.0,16.666666666666664
LICI,09:15:00,0.65,1.1700000000000002,WIN (Trail),80.00000000000001,100.0
LT,09:15:00,1.65,1.935,WIN (Trail),17.27272727272728,30.303030303030305
LTF,09:15:00,0.4,0.5850000000000001,WIN (Trail),46.250000000000014,62.5
LTIM,09:30:00,4.65,6.210000000000001,WIN (Trail),33.5483870967742,48.387096774193544
LTIM,10:10:00,5.3,4.24,LOSS (Stop),-19.999999999999993,5.660377358490563
MANAPPURAM,09:25:00,0.5,0.5850000000000001,WIN (Trail),17.000000000000014,30.000000000000004
MARICO,09:15:00,0.55,0.44000000000000006,LOSS (Stop),-19.999999999999996,9.09090909090908
MARICO,09:35:00,0.3,0.45,WIN (Trail),50.000000000000014,66.66666666666667
MAXHEALTH,09:55:00,1.15,1.395,WIN (Trail),21.304347826086968,34.782608695652186
MAZDOCK,09:25:00,10.8,12.735000000000001,WIN (Trail),17.91666666666667,31.018518518518512
MAZDOCK,09:30:00,15.15,21.78,WIN (Trail),43.76237623762377,59.735973597359724
MAZDOCK,09:35:00,25.0,20.0,LOSS (Stop),-20.0,20.0
MCX,09:20:00,24.85,32.265,WIN (Trail),29.839034205231385,44.265593561368206
MCX,09:25:00,19.2,23.805,WIN (Trail),23.984375000000004,37.76041666666667
MOTHERSON,09:45:00,0.23,0.18400000000000002,LOSS (Stop),-19.999999999999993,17.39130434782609
MPHASIS,09:20:00,4.35,5.13,WIN (Trail),17.93103448275863,31.0344827586207
MPHASIS,09:30:00,0.8,0.9900000000000001,WIN (Trail),23.750000000000007,37.50000000000001
NCC,09:35:00,0.39,0.5940000000000001,WIN (Trail),52.30769230769232,69.23076923076923
NCC,10:05:00,0.68,0.544,LOSS (Stop),-20.0,0.0
NCC,10:10:00,0.87,1.35,WIN (Trail),55.17241379310346,72.41379310344827
NESTLEIND,10:40:00,0.6,0.81,WIN (Trail),35.000000000000014,50.000000000000014
NMDC,09:20:00,0.17,0.20700000000000002,WIN (Trail),21.764705882352942,35.29411764705882
NTPC,09:15:00,0.1,0.135,WIN (Trail),35.0,49.999999999999986
NTPC,09:35:00,0.15,0.12,LOSS (Stop),-20.0,0.0
NTPC,10:00:00,0.15,0.12,LOSS (Stop),-20.0,0.0
NTPC,10:20:00,0.15,0.12,LOSS (Stop),-20.0,0.0
NYKAA,10:40:00,0.2,0.27,WIN (Trail),35.0,49.999999999999986
OBEROIRLTY,09:25:00,1.3,1.04,LOSS (Stop),-20.0,19.23076923076923
OBEROIRLTY,09:30:00,1.35,1.08,LOSS (Stop),-20.0,0.0
OIL,10:10:00,0.3,0.5850000000000001,WIN (Trail),95.00000000000003,116.66666666666667
ONGC,10:10:00,0.08,0.108,WIN (Trail),35.0,49.999999999999986
ONGC,10:15:00,0.09,0.108,WIN (Trail),20.000000000000004,33.33333333333333
ONGC,10:30:00,0.03,0.045000000000000005,WIN (Trail),50.00000000000002,66.66666666666669
ONGC,10:35:00,0.06,0.07200000000000001,WIN (Trail),20.000000000000018,33.33333333333334
ONGC,10:40:00,0.1,0.08000000000000002,LOSS (Stop),-19.99999999999999,0.0
PHOENIXLTD,09:25:00,2.5,2.0,LOSS (Stop),-20.0,0.0
PHOENIXLTD,09:30:00,0.35,0.49500000000000005,WIN (Trail),41.42857142857145,57.14285714285716
PHOENIXLTD,09:45:00,1.35,2.07,WIN (Trail),53.33333333333331,70.37037037037035
POLICYBZR,09:15:00,1.6,1.2800000000000002,LOSS (Stop),-19.99999999999999,0.0
POLICYBZR,10:20:00,0.75,0.9,WIN (Trail),20.000000000000004,33.33333333333333
SAIL,09:15:00,1.13,0.9039999999999999,LOSS (Stop),-20.0,23.008849557522126
SAIL,09:20:00,0.64,0.927,WIN (Trail),44.84375000000001,60.9375
SAIL,09:25:00,1.13,0.9039999999999999,LOSS (Stop),-20.0,0.0
SAIL,09:30:00,1.16,1.4400000000000002,WIN (Trail),24.137931034482783,37.93103448275863
SAIL,09:35:00,1.05,1.332,WIN (Trail),26.857142857142858,40.95238095238095
SAMMAANCAP,09:20:00,0.09,0.225,WIN (Trail),150.00000000000003,177.7777777777778
SAMMAANCAP,09:30:00,0.01,0.036000000000000004,WIN (Trail),260.0,300.0
SAMMAANCAP,09:35:00,0.04,0.18000000000000002,WIN (Trail),350.00000000000006,400.0
SAMMAANCAP,09:45:00,0.04,0.18000000000000002,WIN (Trail),350.00000000000006,400.0
SAMMAANCAP,10:10:00,0.1,0.18000000000000002,WIN (Trail),80.00000000000001,100.0
SHREECEM,09:55:00,23.75,19.0,LOSS (Stop),-20.0,0.0
SHRIRAMFIN,09:15:00,2.6,2.08,LOSS (Stop),-20.0,0.0
SUPREMEIND,09:40:00,10.2,13.41,WIN (Trail),31.470588235294127,46.07843137254903
SYNGENE,09:35:00,0.75,0.65,OPEN,-13.33333333333333,13.33333333333333
TATAELXSI,09:30:00,3.3,4.5,WIN (Trail),36.36363636363637,51.51515151515152
TATASTEEL,09:15:00,0.24,0.192,LOSS (Stop),-19.999999999999996,4.1666666666666705
TATASTEEL,09:20:00,0.27,0.342,WIN (Trail),26.666666666666668,40.74074074074073
TATASTEEL,09:30:00,0.7,0.864,WIN (Trail),23.428571428571434,37.142857142857146
TATASTEEL,09:35:00,0.43,0.5040000000000001,WIN (Trail),17.209302325581426,30.2325581395349
TATASTEEL,09:40:00,0.54,0.43200000000000005,LOSS (Stop),-19.999999999999996,29.629629629629612
TATASTEEL,10:25:00,0.47,0.6030000000000001,WIN (Trail),28.297872340425556,42.55319148936172
TECHM,09:55:00,0.85,0.68,LOSS (Stop),-19.999999999999993,0.0
TITAGARH,09:25:00,6.05,8.28,WIN (Trail),36.85950413223139,52.06611570247933
TITAGARH,09:30:00,4.25,5.04,WIN (Trail),18.58823529411765,31.764705882352935
TITAGARH,09:35:00,5.2,6.3,WIN (Trail),21.153846153846146,34.615384615384606
TITAN,09:20:00,3.95,3.16,LOSS (Stop),-20.0,0.0
TITAN,09:30:00,3.45,2.7600000000000002,LOSS (Stop),-20.0,0.0
TITAN,09:45:00,2.05,2.475,WIN (Trail),20.731707317073187,34.14634146341465
TITAN,09:50:00,2.55,3.33,WIN (Trail),30.58823529411766,45.09803921568629
TITAN,09:55:00,3.5,5.22,WIN (Trail),49.14285714285714,65.71428571428571
TITAN,10:05:00,4.5,5.4,WIN (Trail),20.000000000000007,33.33333333333333
TMPV,09:15:00,0.4,0.49500000000000005,WIN (Trail),23.750000000000007,37.50000000000001
TMPV,09:35:00,0.75,0.9,WIN (Trail),20.000000000000004,33.33333333333333
UPL,09:20:00,1.05,1.35,WIN (Trail),28.571428571428577,42.85714285714285
UPL,09:35:00,0.65,0.855,WIN (Trail),31.538461538461533,46.15384615384614
UPL,09:50:00,0.8,0.6400000000000001,LOSS (Stop),-19.99999999999999,18.74999999999999
VBL,09:15:00,1.2,1.4400000000000002,WIN (Trail),20.000000000000018,33.33333333333335
VBL,09:20:00,1.35,1.62,WIN (Trail),20.0,33.33333333333333
VBL,09:30:00,1.25,1.845,WIN (Trail),47.599999999999994,63.99999999999999
VBL,09:35:00,1.35,1.665,WIN (Trail),23.33333333333333,37.03703703703704
VBL,09:40:00,2.0,1.6,LOSS (Stop),-19.999999999999996,0.0
VBL,09:45:00,1.25,1.4849999999999999,WIN (Trail),18.79999999999999,31.999999999999996
VEDL,09:20:00,1.25,1.4849999999999999,WIN (Trail),18.79999999999999,31.999999999999996
VEDL,09:25:00,0.95,1.1700000000000002,WIN (Trail),23.157894736842128,36.842105263157904
VEDL,09:50:00,1.15,0.9199999999999999,LOSS (Stop),-20.0,13.043478260869579
VOLTAS,09:20:00,2.2,2.79,WIN (Trail),26.818181818181806,40.9090909090909
VOLTAS,09:25:00,3.1,3.87,WIN (Trail),24.838709677419356,38.709677419354826
WIPRO,09:20:00,0.2,0.279,WIN (Trail),39.50000000000001,54.99999999999999
WIPRO,09:30:00,0.2,0.234,WIN (Trail),17.0,30.0
