Symbol,Date,Type,Zone,RVOL,Entry,Exit,Reason,Spot_PnL,Option_PnL,Total_Profit
ADANIENT,2025-11-20,LONG,QUIET,1.183689820097599,2454.0,2451.9,Time Limit (60m),-2.099999999999909,-1.0499999999999545,-314.99999999998636
ADANIENT,2025-11-24,SHORT,GOLD,1.8686876403807662,2406.6,2398.9,EOD,7.699999999999818,3.849999999999909,1154.9999999999727
ADANIENT,2025-11-27,SHORT,QUIET,1.3198341600651513,2295.8,2287.7,Time Limit (60m),8.100000000000364,4.050000000000182,1215.0000000000546
INDUSINDBK,2025-11-19,SHORT,GOLD,2.114663596374694,841.7,842.0,Time Limit (60m),-0.2999999999999545,-0.14999999999997726,-74.99999999998863
INDUSINDBK,2025-11-27,LONG,QUIET,1.3662334344218567,863.15,858.83425,SL Hit,-4.31574999999998,-2.15787499999999,-1078.937499999995
INFY,2025-11-21,LONG,GOLD,2.1096963863216023,1550.0,1545.1,Time Limit (60m),-4.900000000000091,-2.4500000000000455,-980.0000000000182
INFY,2025-11-24,LONG,QUIET,1.3541917686275609,1558.5,1550.7075,SL Hit,-7.792500000000018,-3.896250000000009,-1558.5000000000036
INFY,2025-11-25,SHORT,QUIET,1.1852176601553746,1530.3,1529.6,Time Limit (60m),0.7000000000000455,0.35000000000002274,140.0000000000091
INFY,2025-12-01,LONG,QUIET,1.1692205268228852,1567.8,1568.3,Time Limit (60m),0.5,0.25,100.0
INFY,2025-12-03,LONG,GOLD,1.8984448516285286,1575.8,1581.5,Time Limit (60m),5.7000000000000455,2.8500000000000227,1140.000000000009
BEL,2025-11-18,SHORT,GOLD,2.2665174924265767,420.95,421.6,EOD,-0.6500000000000341,-0.32500000000001705,-1852.5000000000973
BEL,2025-11-26,LONG,QUIET,1.3451045314470902,413.4,414.5,Time Limit (60m),1.1000000000000227,0.5500000000000114,3135.0000000000646
BEL,2025-11-28,SHORT,QUIET,1.366332888473331,410.5,410.75,Time Limit (60m),-0.25,-0.125,-712.5
BEL,2025-12-01,LONG,GOLD,1.7982496081571429,415.2,415.3,Time Limit (60m),0.10000000000002274,0.05000000000001137,285.0000000000648
TATASTEEL,2025-11-24,SHORT,QUIET,1.2661650526794919,166.4,166.61,Time Limit (60m),-0.21000000000000796,-0.10500000000000398,-577.5000000000218
TATASTEEL,2025-11-27,SHORT,QUIET,1.06287722226301,167.6,168.05,Time Limit (60m),-0.45000000000001705,-0.22500000000000853,-1237.5000000000468
TATASTEEL,2025-12-02,SHORT,QUIET,1.2362310208532616,167.57,168.08,Time Limit (60m),-0.5100000000000193,-0.25500000000000966,-1402.5000000000532
TATASTEEL,2025-12-03,SHORT,QUIET,1.004637421884194,166.58,166.6,Time Limit (60m),-0.01999999999998181,-0.009999999999990905,-54.99999999994998
BAJAJFINSV,2025-11-19,SHORT,GOLD,1.5526065356342684,2039.1,2041.0,Time Limit (60m),-1.900000000000091,-0.9500000000000455,-475.00000000002274
BAJAJFINSV,2025-11-27,LONG,GOLD,1.69101941568184,2105.5,2101.7,Time Limit (60m),-3.800000000000182,-1.900000000000091,-950.0000000000455
BAJAJFINSV,2025-12-01,SHORT,GOLD,1.6083798712197503,2082.6,2082.0,EOD,0.599999999999909,0.2999999999999545,149.99999999997726
BAJAJFINSV,2025-12-02,SHORT,QUIET,1.0139087182793718,2068.7,2061.4,Time Limit (60m),7.299999999999727,3.6499999999998636,1824.9999999999318
HINDUNILVR,2025-11-26,LONG,QUIET,1.241013634485608,2424.4,2425.4,Time Limit (60m),1.0,0.5,150.0
HINDUNILVR,2025-12-01,LONG,QUIET,1.189507757751396,2476.0,2463.62,SL Hit,-12.38000000000011,-6.190000000000055,-1857.0000000000164
HINDUNILVR,2025-12-02,LONG,GOLD,2.257104684907775,2482.7,2475.0,EOD,-7.699999999999818,-3.849999999999909,-1154.9999999999727
HINDUNILVR,2025-12-03,SHORT,QUIET,1.2636659828647279,2462.2,2441.5,EOD,20.699999999999818,10.349999999999909,3104.9999999999727
HINDALCO,2025-11-20,LONG,QUIET,1.463611490490094,796.6,799.75,Time Limit (60m),3.1499999999999773,1.5749999999999886,2204.999999999984
HINDALCO,2025-11-27,LONG,GOLD,2.0029633033701635,807.75,807.1,Time Limit (60m),-0.6499999999999773,-0.32499999999998863,-454.9999999999841
HINDALCO,2025-12-01,LONG,QUIET,1.1992324368996339,813.45,811.4,Time Limit (60m),-2.050000000000068,-1.025000000000034,-1435.0000000000477
HINDALCO,2025-12-02,SHORT,GOLD,1.7487630428804226,805.8,802.8,Time Limit (60m),3.0,1.5,2100.0
HINDALCO,2025-12-03,LONG,GOLD,2.493662279418056,812.9,817.1,Time Limit (60m),4.2000000000000455,2.1000000000000227,2940.000000000032
MARUTI,2025-11-19,SHORT,QUIET,1.3346096390085427,15771.0,15749.0,Time Limit (60m),22.0,11.0,550.0
MARUTI,2025-11-25,SHORT,GOLD,2.4952049129845677,15863.0,15910.0,EOD,-47.0,-23.5,-1175.0
MARUTI,2025-12-02,LONG,QUIET,1.339749818765135,16234.0,16245.0,EOD,11.0,5.5,275.0
BHARTIARTL,2025-11-21,LONG,QUIET,1.096950916242782,2168.7,2167.1,Time Limit (60m),-1.599999999999909,-0.7999999999999545,-759.9999999999568
BHARTIARTL,2025-11-24,SHORT,GOLD,2.1971108021656915,2149.0,2154.4,Time Limit (60m),-5.400000000000091,-2.7000000000000455,-2565.000000000043
BHARTIARTL,2025-11-25,LONG,GOLD,1.774838544193414,2165.6,2169.8,Time Limit (60m),4.200000000000273,2.1000000000001364,1995.0000000001296
BHARTIARTL,2025-11-28,SHORT,GOLD,2.314299710856494,2100.6,2100.0,EOD,0.599999999999909,0.2999999999999545,284.9999999999568
BHARTIARTL,2025-12-01,SHORT,GOLD,1.7548874041078941,2086.7,2094.1,Time Limit (60m),-7.400000000000091,-3.7000000000000455,-3515.000000000043
BHARTIARTL,2025-12-03,SHORT,GOLD,1.5095685504981784,2086.4,2087.4,Time Limit (60m),-1.0,-0.5,-475.0
BPCL,2025-11-19,SHORT,QUIET,1.3580111688177403,368.5,368.0,Time Limit (60m),0.5,0.25,450.0
BPCL,2025-11-25,SHORT,GOLD,1.7709878183089036,355.75,355.75,EOD,0.0,0.0,0.0
KOTAKBANK,2025-11-18,SHORT,GOLD,1.7913853181458814,2090.1,2095.6,EOD,-5.5,-2.75,-1100.0
KOTAKBANK,2025-11-19,LONG,GOLD,1.6224042203074784,2107.2,2106.8,Time Limit (60m),-0.3999999999996362,-0.1999999999998181,-79.99999999992724
KOTAKBANK,2025-11-21,SHORT,GOLD,1.5374158912903348,2087.9,2086.5,EOD,1.400000000000091,0.7000000000000455,280.0000000000182
KOTAKBANK,2025-11-25,SHORT,QUIET,1.0697268349759237,2073.0,2077.8,Time Limit (60m),-4.800000000000182,-2.400000000000091,-960.0000000000364
KOTAKBANK,2025-11-26,LONG,GOLD,2.3013902521957257,2090.5,2093.3,Time Limit (60m),2.800000000000182,1.400000000000091,560.0000000000364
KOTAKBANK,2025-11-27,LONG,QUIET,1.38216805151907,2125.7,2122.8,Time Limit (60m),-2.899999999999636,-1.449999999999818,-579.9999999999272
KOTAKBANK,2025-11-28,LONG,QUIET,1.052416930942706,2130.9,2131.2,Time Limit (60m),0.29999999999972715,0.14999999999986358,59.99999999994543
APOLLOHOSP,2025-11-19,LONG,GOLD,1.5059400702226924,7450.0,7457.0,Time Limit (60m),7.0,3.5,437.5
APOLLOHOSP,2025-11-21,SHORT,GOLD,2.3810057117258374,7392.0,7393.0,EOD,-1.0,-0.5,-62.5
APOLLOHOSP,2025-11-24,SHORT,QUIET,1.066116090282014,7365.5,7340.0,EOD,25.5,12.75,1593.75
APOLLOHOSP,2025-11-25,SHORT,GOLD,2.1073468978650896,7315.5,7315.5,EOD,0.0,0.0,0.0
APOLLOHOSP,2025-11-26,LONG,QUIET,1.0109350591385853,7393.0,7385.5,Time Limit (60m),-7.5,-3.75,-468.75
ADANIPORTS,2025-11-18,SHORT,QUIET,1.1919243430005528,1500.2,1494.4,Time Limit (60m),5.7999999999999545,2.8999999999999773,1449.9999999999886
ADANIPORTS,2025-11-19,SHORT,QUIET,1.1980655260227246,1481.9,1482.5,Time Limit (60m),-0.599999999999909,-0.2999999999999545,-149.99999999997726
ADANIPORTS,2025-11-20,LONG,GOLD,1.855619769963553,1497.6,1494.9,Time Limit (60m),-2.699999999999818,-1.349999999999909,-674.9999999999545
ADANIPORTS,2025-12-02,SHORT,GOLD,1.8455526785608722,1519.3,1517.7,Time Limit (60m),1.599999999999909,0.7999999999999545,399.99999999997726
EICHERMOT,2025-12-03,SHORT,QUIET,1.4037039096824426,7063.5,7063.5,EOD,0.0,0.0,0.0
TITAN,2025-11-19,LONG,QUIET,1.0778422146843198,3908.3,3932.0,Time Limit (60m),23.699999999999818,11.849999999999909,2073.749999999984
TITAN,2025-11-25,SHORT,GOLD,1.5237837013438171,3847.1,3847.1,EOD,0.0,0.0,0.0
TITAN,2025-11-26,LONG,GOLD,1.9653896646377849,3895.4,3899.2,EOD,3.799999999999727,1.8999999999998636,332.4999999999761
TITAN,2025-12-01,SHORT,QUIET,1.1505947221943964,3888.0,3888.0,EOD,0.0,0.0,0.0
SBIN,2025-11-26,LONG,QUIET,1.2712225426163428,991.75,988.0,Time Limit (60m),-3.75,-1.875,-2812.5
SBIN,2025-11-27,SHORT,GOLD,1.9690831517814262,977.45,971.9,Time Limit (60m),5.550000000000068,2.775000000000034,4162.500000000051
SBIN,2025-12-01,SHORT,QUIET,1.3159921240598904,972.55,972.6,EOD,-0.05000000000006821,-0.025000000000034106,-37.50000000005116
TECHM,2025-12-03,LONG,QUIET,1.1395690360058743,1544.1,1540.6,Time Limit (60m),-3.5,-1.75,-1050.0
AXISBANK,2025-11-28,SHORT,GOLD,2.48689138576779,1276.5,1279.3,Time Limit (60m),-2.7999999999999545,-1.3999999999999773,-874.9999999999858
AXISBANK,2025-12-01,SHORT,GOLD,2.11973025200142,1272.8,1276.0,EOD,-3.2000000000000455,-1.6000000000000227,-1000.0000000000142
AXISBANK,2025-12-02,SHORT,QUIET,1.2572780446827048,1266.0,1259.7,Time Limit (60m),6.2999999999999545,3.1499999999999773,1968.749999999986
HCLTECH,2025-11-18,SHORT,QUIET,1.3344244687108406,1592.0,1594.5,Time Limit (60m),-2.5,-1.25,-875.0
HCLTECH,2025-11-26,LONG,QUIET,1.0200358873939945,1617.0,1620.5,Time Limit (60m),3.5,1.75,1225.0
HCLTECH,2025-11-27,LONG,GOLD,2.1354361080004978,1630.2,1630.2,EOD,0.0,0.0,0.0
HCLTECH,2025-12-01,LONG,GOLD,2.1130202071132143,1635.5,1638.8,Time Limit (60m),3.2999999999999545,1.6499999999999773,1154.999999999984
ASIANPAINT,2025-12-01,SHORT,QUIET,1.0351966873706004,2855.7,2851.5,Time Limit (60m),4.199999999999818,2.099999999999909,419.9999999999818
DIVISLAB,2025-12-01,SHORT,QUIET,1.375202405736757,6414.0,6419.5,EOD,-5.5,-2.75,-550.0
DIVISLAB,2025-12-03,LONG,GOLD,1.6105904711973262,6460.5,6460.0,EOD,-0.5,-0.25,-50.0
TCS,2025-11-18,SHORT,GOLD,2.095985523894723,3084.0,3080.1,EOD,3.900000000000091,1.9500000000000455,341.25000000000796
TCS,2025-11-21,LONG,GOLD,2.099235563823767,3165.1,3149.2745,SL Hit,-15.82549999999992,-7.91274999999996,-1384.731249999993
TCS,2025-11-25,SHORT,QUIET,1.0389594694623623,3120.1,3116.6,Time Limit (60m),3.5,1.75,306.25
TCS,2025-11-27,SHORT,QUIET,1.1119348716766286,3127.0,3130.9,Time Limit (60m),-3.900000000000091,-1.9500000000000455,-341.25000000000796
TCS,2025-12-01,SHORT,GOLD,1.7431171336595117,3124.3,3134.0,Time Limit (60m),-9.699999999999818,-4.849999999999909,-848.7499999999841
WIPRO,2025-11-26,LONG,QUIET,1.4045906419274161,248.16,249.4,Time Limit (60m),1.240000000000009,0.6200000000000045,930.0000000000068
ITC,2025-11-18,SHORT,QUIET,1.328643480194467,404.7,405.2,Time Limit (60m),-0.5,-0.25,-400.0
ITC,2025-11-19,SHORT,GOLD,1.9996988893452465,403.65,404.0,Time Limit (60m),-0.35000000000002274,-0.17500000000001137,-280.0000000000182
ITC,2025-11-20,LONG,GOLD,1.5157990777798762,405.2,405.0,EOD,-0.19999999999998863,-0.09999999999999432,-159.9999999999909
ITC,2025-11-21,LONG,QUIET,1.2458716931110017,407.45,407.55,Time Limit (60m),0.10000000000002274,0.05000000000001137,80.00000000001819
ITC,2025-11-27,LONG,GOLD,1.53846630236907,404.0,405.0,EOD,1.0,0.5,800.0
BAJAJ-AUTO,2025-11-20,LONG,GOLD,2.2921951077290883,8958.0,8952.5,Time Limit (60m),-5.5,-2.75,-1375.0
BAJAJ-AUTO,2025-11-21,SHORT,QUIET,1.3602349152221276,8910.0,8900.0,Time Limit (60m),10.0,5.0,2500.0
BAJAJ-AUTO,2025-11-27,SHORT,QUIET,1.4505331394644372,9041.0,9057.5,Time Limit (60m),-16.5,-8.25,-4125.0
BAJAJ-AUTO,2025-12-03,SHORT,GOLD,2.4844977263331955,8958.0,8953.5,Time Limit (60m),4.5,2.25,1125.0
BRITANNIA,2025-12-02,LONG,GOLD,1.6021072932100944,5857.5,5888.0,EOD,30.5,15.25,3050.0
HDFCBANK,2025-11-24,LONG,QUIET,1.2588871401503987,1006.15,1001.11925,SL Hit,-5.030750000000012,-2.515375000000006,-1383.4562500000034
HDFCBANK,2025-11-26,LONG,QUIET,1.1323456231621805,1001.55,1002.3,Time Limit (60m),0.75,0.375,206.25
HDFCBANK,2025-12-01,SHORT,QUIET,1.4759186867679759,1003.7,1002.5,Time Limit (60m),1.2000000000000455,0.6000000000000227,330.0000000000125
HDFCBANK,2025-12-03,LONG,GOLD,1.5519255477793417,995.4,1000.6,Time Limit (60m),5.2000000000000455,2.6000000000000227,1430.0000000000125
LT,2025-11-18,SHORT,GOLD,2.0166268694640896,4008.0,3998.9,EOD,9.099999999999909,4.5499999999999545,1364.9999999999864
LT,2025-11-20,LONG,GOLD,1.8443061455767928,4037.7,4039.0,Time Limit (60m),1.300000000000182,0.650000000000091,195.00000000002728
LT,2025-11-24,SHORT,GOLD,1.6949518555931733,4006.5,4006.5,EOD,0.0,0.0,0.0
LT,2025-11-25,LONG,QUIET,1.0416176332813105,4035.8,4050.6,Time Limit (60m),14.799999999999727,7.399999999999864,2219.999999999959
LT,2025-12-02,SHORT,QUIET,1.264855186078958,4046.1,4037.9,Time Limit (60m),8.199999999999818,4.099999999999909,1229.9999999999727
RELIANCE,2025-11-18,LONG,QUIET,1.4991595888678992,1525.5,1525.1,Time Limit (60m),-0.40000000000009095,-0.20000000000004547,-50.00000000001137
RELIANCE,2025-11-25,LONG,QUIET,1.1676380381986893,1547.2,1549.5,Time Limit (60m),2.2999999999999545,1.1499999999999773,287.4999999999943
RELIANCE,2025-12-03,SHORT,GOLD,1.6733713693889993,1533.9,1539.3,Time Limit (60m),-5.399999999999864,-2.699999999999932,-674.999999999983
NESTLEIND,2025-11-19,LONG,QUIET,1.1463966178350211,1272.5,1276.0,Time Limit (60m),3.5,1.75,70.0
NESTLEIND,2025-11-24,SHORT,QUIET,1.3212825200757161,1272.3,1274.6,Time Limit (60m),-2.2999999999999545,-1.1499999999999773,-45.99999999999909
POWERGRID,2025-11-18,LONG,GOLD,2.135261823095387,275.1,275.4,Time Limit (60m),0.2999999999999545,0.14999999999997726,539.9999999999181
POWERGRID,2025-12-02,SHORT,GOLD,1.9192397707101427,268.05,267.5,EOD,0.5500000000000114,0.2750000000000057,990.0000000000205
NTPC,2025-11-18,SHORT,QUIET,1.3447738036688124,328.2,328.4,EOD,-0.19999999999998863,-0.09999999999999432,-299.99999999998295
NTPC,2025-11-20,LONG,GOLD,1.8998691810163284,328.8,327.85,Time Limit (60m),-0.9499999999999886,-0.4749999999999943,-1424.999999999983
NTPC,2025-11-28,SHORT,QUIET,1.2810120742245625,325.3,326.6,Time Limit (60m),-1.3000000000000114,-0.6500000000000057,-1950.000000000017
NTPC,2025-12-02,LONG,QUIET,1.1133790988973493,328.9,329.4,Time Limit (60m),0.5,0.25,750.0
CIPLA,2025-11-24,SHORT,QUIET,1.0548000371735695,1503.5,1505.1,EOD,-1.599999999999909,-0.7999999999999545,-519.9999999999704
CIPLA,2025-11-25,LONG,QUIET,1.4394197139396578,1519.3,1516.2,Time Limit (60m),-3.099999999999909,-1.5499999999999545,-1007.4999999999704
CIPLA,2025-11-26,LONG,QUIET,1.2585646850378538,1520.6,1523.2,Time Limit (60m),2.6000000000001364,1.3000000000000682,845.0000000000443
CIPLA,2025-11-28,LONG,QUIET,1.1711618193919484,1532.3,1530.0,EOD,-2.2999999999999545,-1.1499999999999773,-747.4999999999852
CIPLA,2025-12-03,SHORT,QUIET,1.0790545861246477,1509.0,1505.9,Time Limit (60m),3.099999999999909,1.5499999999999545,1007.4999999999704
M&M,2025-11-18,SHORT,GOLD,2.2063965375443946,3691.5,3699.0,EOD,-7.5,-3.75,-1312.5
M&M,2025-11-21,LONG,GOLD,2.0186910246866385,3749.0,3747.0,EOD,-2.0,-1.0,-350.0
M&M,2025-11-25,SHORT,QUIET,1.0804207826723162,3660.7,3660.7,EOD,0.0,0.0,0.0
M&M,2025-12-02,SHORT,GOLD,2.264249339238376,3714.0,3723.6,Time Limit (60m),-9.599999999999909,-4.7999999999999545,-1679.999999999984
GRASIM,2025-11-18,SHORT,QUIET,1.2391781757844909,2771.9,2755.0,EOD,16.90000000000009,8.450000000000045,4013.750000000022
GRASIM,2025-11-21,SHORT,QUIET,1.1615910869510337,2740.9,2751.0,Time Limit (60m),-10.099999999999909,-5.0499999999999545,-2398.749999999978
GRASIM,2025-11-24,SHORT,QUIET,1.0659399854241263,2719.3,2718.0,Time Limit (60m),1.300000000000182,0.650000000000091,308.7500000000432
GRASIM,2025-12-01,SHORT,GOLD,1.928664225817881,2727.2,2726.5,Time Limit (60m),0.6999999999998181,0.34999999999990905,166.2499999999568
GRASIM,2025-12-03,SHORT,QUIET,1.2283083790570073,2715.5,2725.1,Time Limit (60m),-9.599999999999909,-4.7999999999999545,-2279.999999999978
ONGC,2025-11-18,SHORT,QUIET,1.4600023520314191,247.1,247.1,Time Limit (60m),0.0,0.0,0.0
ONGC,2025-11-19,LONG,GOLD,1.8453867099470398,249.1,249.55,Time Limit (60m),0.45000000000001705,0.22500000000000853,866.2500000000329
ONGC,2025-11-24,SHORT,QUIET,1.4965057075655566,245.15,246.37574999999998,SL Hit,-1.2257499999999766,-0.6128749999999883,-2359.568749999955
ONGC,2025-11-26,LONG,GOLD,2.081606705331217,247.25,247.55,Time Limit (60m),0.30000000000001137,0.15000000000000568,577.5000000000218
ONGC,2025-12-01,LONG,QUIET,1.3022178317008015,244.89,244.35,EOD,-0.539999999999992,-0.269999999999996,-1039.4999999999848
ONGC,2025-12-02,SHORT,QUIET,1.440148293446844,243.15,243.78,Time Limit (60m),-0.6299999999999955,-0.3149999999999977,-1212.7499999999914
ULTRACEMCO,2025-11-18,SHORT,GOLD,1.9414460477975986,11728.0,11737.0,Time Limit (60m),-9.0,-4.5,-450.0
ULTRACEMCO,2025-11-20,LONG,GOLD,1.54604455358709,11749.0,11732.0,Time Limit (60m),-17.0,-8.5,-850.0
ICICIBANK,2025-11-19,LONG,QUIET,1.1086747585879098,1381.2,1379.7,Time Limit (60m),-1.5,-0.75,-525.0
ICICIBANK,2025-11-25,SHORT,QUIET,1.1256155548304398,1360.7,1357.0,Time Limit (60m),3.7000000000000455,1.8500000000000227,1295.000000000016
ICICIBANK,2025-11-26,LONG,GOLD,1.6530794508250721,1372.0,1370.1,Time Limit (60m),-1.900000000000091,-0.9500000000000455,-665.0000000000318
ICICIBANK,2025-12-03,LONG,QUIET,1.2723693967792828,1380.0,1385.8,Time Limit (60m),5.7999999999999545,2.8999999999999773,2029.999999999984
SUNPHARMA,2025-11-25,LONG,GOLD,2.2394647375973853,1788.1,1786.1,Time Limit (60m),-2.0,-1.0,-700.0
SUNPHARMA,2025-12-01,SHORT,QUIET,1.3830890935027882,1814.2,1809.9,Time Limit (60m),4.2999999999999545,2.1499999999999773,1504.999999999984
SUNPHARMA,2025-12-03,SHORT,QUIET,1.2485533077172353,1785.3,1794.2264999999998,SL Hit,-8.926499999999805,-4.463249999999903,-3124.274999999932
BAJFINANCE,2025-11-19,SHORT,QUIET,1.1881076827966053,1008.4,1006.4,Time Limit (60m),2.0,1.0,125.0
BAJFINANCE,2025-11-24,SHORT,QUIET,1.149596659192669,994.3,994.0,Time Limit (60m),0.2999999999999545,0.14999999999997726,18.749999999997158
HDFCLIFE,2025-11-18,SHORT,GOLD,1.8520924438967876,764.0,760.6,EOD,3.3999999999999773,1.6999999999999886,849.9999999999943
HDFCLIFE,2025-11-19,SHORT,QUIET,1.169806507761447,758.4,761.0,Time Limit (60m),-2.6000000000000227,-1.3000000000000114,-650.0000000000057
HDFCLIFE,2025-11-20,SHORT,QUIET,1.1879110815086171,755.55,759.3277499999999,SL Hit,-3.777749999999969,-1.8888749999999845,-944.4374999999923
HDFCLIFE,2025-11-25,LONG,QUIET,1.217071666082184,765.45,768.75,Time Limit (60m),3.2999999999999545,1.6499999999999773,824.9999999999886
LTIM,2025-11-20,LONG,GOLD,1.9381575411835223,6083.0,6082.0,Time Limit (60m),-1.0,-0.5,-75.0
LTIM,2025-12-01,LONG,GOLD,1.5466637352973507,6145.5,6151.5,Time Limit (60m),6.0,3.0,450.0
LTIM,2025-12-02,SHORT,QUIET,1.490305816510094,6107.5,6107.0,Time Limit (60m),0.5,0.25,37.5
TATACONSUM,2025-11-20,LONG,GOLD,1.6993549719587562,1170.0,1170.1,Time Limit (60m),0.09999999999990905,0.049999999999954525,44.99999999995907
TATACONSUM,2025-11-21,LONG,QUIET,1.4400460184838362,1182.3,1184.5,EOD,2.2000000000000455,1.1000000000000227,990.0000000000205
TATACONSUM,2025-11-25,SHORT,QUIET,1.0347316858900388,1173.1,1173.1,EOD,0.0,0.0,0.0
TATACONSUM,2025-11-28,SHORT,QUIET,1.0400383161284406,1166.3,1167.3,Time Limit (60m),-1.0,-0.5,-450.0
TATACONSUM,2025-12-01,SHORT,QUIET,1.1175513948542597,1164.5,1163.4,Time Limit (60m),1.099999999999909,0.5499999999999545,494.9999999999591
DRREDDY,2025-11-19,LONG,GOLD,1.7445156788346636,1249.9,1250.2,Time Limit (60m),0.2999999999999545,0.14999999999997726,18.749999999997158
DRREDDY,2025-11-28,LONG,QUIET,1.1546591558464376,1257.5,1257.5,EOD,0.0,0.0,0.0
COALINDIA,2025-11-21,SHORT,GOLD,2.344529785439475,377.6,378.45,EOD,-0.8499999999999659,-0.42499999999998295,-892.4999999999642
COALINDIA,2025-11-25,SHORT,GOLD,1.9045391934539286,370.15,370.0,EOD,0.14999999999997726,0.07499999999998863,157.49999999997613
COALINDIA,2025-12-01,LONG,GOLD,2.0527145900066666,378.9,379.6,EOD,0.7000000000000455,0.35000000000002274,735.0000000000477
JSWSTEEL,2025-11-18,SHORT,QUIET,1.1366189349241491,1165.0,1168.5,Time Limit (60m),-3.5,-1.75,-1181.25
JSWSTEEL,2025-11-28,LONG,GOLD,2.3852209147841696,1172.0,1166.14,SL Hit,-5.8599999999999,-2.92999999999995,-1977.7499999999663
