Symbol,Date,Time,Type,RVOL,Max_Gain_30m,Final_PnL_30m,Is_Win
ADANIENT,2025-11-19,2025-11-19 10:55:00+05:30,SHORT,0.35446388534560447,0.19020053752325444,0.024808765763899482,True
ADANIENT,2025-11-20,2025-11-20 11:50:00+05:30,LONG,0.48858263243872146,0.12239902080783352,0.12239902080783352,True
ADANIENT,2025-11-21,2025-11-21 11:00:00+05:30,SHORT,0.6757931874083828,0.1358975414899387,-0.11942511221840942,False
ADANIENT,2025-11-24,2025-11-24 14:30:00+05:30,SHORT,1.8686876403807662,0.5609573672400897,0.47785257209340987,True
ADANIENT,2025-11-27,2025-11-27 11:00:00+05:30,SHORT,0.6623847189385771,0.24373259052924398,0.20891364902505777,True
ADANIENT,2025-11-28,2025-11-28 11:00:00+05:30,LONG,0.2794949422536428,0.7856243760579846,0.7422197143973224,True
ADANIENT,2025-12-02,2025-12-02 11:40:00+05:30,SHORT,0.9341907921647047,0.04013198965486895,-0.07580486934809029,False
INDUSINDBK,2025-11-19,2025-11-19 11:15:00+05:30,SHORT,2.825955212029083,0.26832031482916946,0.09540277860592147,True
INDUSINDBK,2025-11-20,2025-11-20 11:45:00+05:30,SHORT,0.9760263006212242,0.17397564340992808,0.12598236246926248,True
INDUSINDBK,2025-11-27,2025-11-27 11:40:00+05:30,LONG,2.904006433689136,0.4535674827004683,0.20352387044251904,True
INDUSINDBK,2025-12-01,2025-12-01 11:40:00+05:30,SHORT,0.654788737623106,0.6518292324857675,0.3875741382347839,True
INFY,2025-11-21,2025-11-21 12:40:00+05:30,LONG,2.1096963863216023,0.06451612903225806,-0.2129032258064487,False
INFY,2025-11-24,2025-11-24 14:10:00+05:30,LONG,1.3541917686275609,0.08982996470966256,-0.26948989412897306,False
INFY,2025-11-25,2025-11-25 10:55:00+05:30,SHORT,1.1852176601553746,0.13069332810560022,-0.06534666405280011,False
INFY,2025-11-26,2025-11-26 11:15:00+05:30,LONG,2.69694962027673,0.045219638242896994,-0.1808785529715733,False
INFY,2025-12-01,2025-12-01 13:40:00+05:30,LONG,1.1692205268228852,0.07016201046052663,-0.07016201046051213,False
INFY,2025-12-03,2025-12-03 10:55:00+05:30,LONG,1.8984448516285286,0.329991115623813,0.24114735372508914,True
BEL,2025-11-18,2025-11-18 15:00:00+05:30,SHORT,2.2665174924265767,0.15441263808052674,-0.15441263808054023,False
BEL,2025-11-26,2025-11-26 11:30:00+05:30,LONG,1.3451045314470902,0.2539912917271436,0.04837929366232353,True
BEL,2025-11-28,2025-11-28 12:25:00+05:30,SHORT,1.366332888473331,0.4506699147381298,0.17052375152253074,True
BEL,2025-12-01,2025-12-01 11:20:00+05:30,LONG,0.4416657629144808,0.03611846857692686,-0.32506621719239653,False
TATASTEEL,2025-11-18,2025-11-18 11:25:00+05:30,SHORT,0.33553558405081607,0.04070004070005326,-0.17442874585730736,False
TATASTEEL,2025-11-19,2025-11-19 14:40:00+05:30,LONG,2.9583389494561456,0.011525384659718915,-0.12101653892699128,False
TATASTEEL,2025-11-24,2025-11-24 12:10:00+05:30,SHORT,1.2661650526794919,0.06009615384615043,-0.10817307692308102,False
TATASTEEL,2025-11-27,2025-11-27 13:10:00+05:30,SHORT,1.06287722226301,0.25059665871120973,0.07756563245823117,True
TATASTEEL,2025-12-02,2025-12-02 11:20:00+05:30,SHORT,1.2362310208532616,0.1014501402398923,-0.005967655308240931,False
TATASTEEL,2025-12-03,2025-12-03 12:20:00+05:30,SHORT,1.004637421884194,0.204106135190301,0.15007804058110216,True
BAJAJFINSV,2025-11-19,2025-11-19 10:55:00+05:30,SHORT,0.7564158419949794,0.14713094654242276,0.10299166257969146,True
BAJAJFINSV,2025-11-21,2025-11-21 14:55:00+05:30,SHORT,5.668749160284832,0.48175182481752266,-0.09245742092457863,False
BAJAJFINSV,2025-11-24,2025-11-24 15:05:00+05:30,SHORT,6.518274652265344,0.009860474288815533,-0.6261401173396463,False
BAJAJFINSV,2025-11-27,2025-11-27 12:05:00+05:30,LONG,0.2834859967828587,0.14238253440911247,0.04746084480303749,True
BAJAJFINSV,2025-12-01,2025-12-01 12:00:00+05:30,SHORT,0.6644086352595024,0.33621517771373677,0.2689721421709851,True
BAJAJFINSV,2025-12-02,2025-12-02 11:40:00+05:30,SHORT,0.48634357690722474,0.08216132618045614,0.014499057561245332,True
HINDUNILVR,2025-11-21,2025-11-21 12:15:00+05:30,SHORT,3.2687293970004685,0.07867820613690384,-0.41823677999088604,False
HINDUNILVR,2025-11-26,2025-11-26 12:45:00+05:30,LONG,0.9749707641003814,0.004124902033572951,-0.07424823660438815,False
HINDUNILVR,2025-11-28,2025-11-28 15:05:00+05:30,LONG,2.7518944709514455,0.15004055150039813,0.15004055150039813,True
HINDUNILVR,2025-12-01,2025-12-01 14:30:00+05:30,LONG,1.189507757751396,0.008077544426487,-0.2463651050080739,False
HINDUNILVR,2025-12-02,2025-12-02 15:10:00+05:30,LONG,2.257104684907775,0.0,-0.31014621178554874,False
HINDUNILVR,2025-12-03,2025-12-03 12:30:00+05:30,SHORT,0.42810836166272154,0.19896861168634572,-0.03654525520770256,False
HINDALCO,2025-11-20,2025-11-20 11:15:00+05:30,LONG,0.6661600078201692,0.10038270907835554,-0.17566974088714357,False
HINDALCO,2025-11-24,2025-11-24 15:20:00+05:30,SHORT,3.989255001708631,0.11000388248997317,-0.12294551572407555,False
HINDALCO,2025-11-25,2025-11-25 11:10:00+05:30,LONG,0.24727827576165423,0.025484199796132197,-0.12104994903159173,False
HINDALCO,2025-11-26,2025-11-26 11:50:00+05:30,LONG,0.7298703271783993,0.4949874686716849,0.1441102756892202,True
HINDALCO,2025-11-27,2025-11-27 14:20:00+05:30,LONG,2.0029633033701635,0.4518724852986663,-0.11142061281336765,False
HINDALCO,2025-12-01,2025-12-01 12:25:00+05:30,LONG,1.1992324368996339,0.0676132521974251,0.06146659290675518,True
HINDALCO,2025-12-02,2025-12-02 10:55:00+05:30,SHORT,0.4132267514026116,0.2356735301414154,0.0,False
HINDALCO,2025-12-03,2025-12-03 12:10:00+05:30,LONG,0.6285720861626276,0.17840664410951035,0.01230390649031347,True
MARUTI,2025-11-18,2025-11-18 13:15:00+05:30,LONG,3.023317737456731,0.1941382765531062,-0.018787575150300603,False
MARUTI,2025-11-19,2025-11-19 11:10:00+05:30,SHORT,1.3346096390085427,0.2282670724747955,0.11413353623739775,True
MARUTI,2025-11-20,2025-11-20 12:05:00+05:30,SHORT,3.522530629196373,0.07665282657297988,-0.0830405621207282,False
MARUTI,2025-11-21,2025-11-21 11:20:00+05:30,LONG,0.38984198957656524,0.4217019133937563,0.35876132930513593,True
MARUTI,2025-11-25,2025-11-25 14:55:00+05:30,SHORT,2.4952049129845677,0.13238353400996028,-0.2962869570699111,False
MARUTI,2025-11-27,2025-11-27 13:10:00+05:30,SHORT,3.9347974753080193,0.10062260235205332,-0.15722281617508332,False
MARUTI,2025-12-01,2025-12-01 14:10:00+05:30,LONG,6.417298991842115,0.9422188942967678,0.11231748408835641,True
MARUTI,2025-12-02,2025-12-02 14:30:00+05:30,LONG,1.339749818765135,0.006159911297277319,-0.018479733891831957,False
BHARTIARTL,2025-11-21,2025-11-21 12:45:00+05:30,LONG,1.096950916242782,0.14294277677873213,-0.17060912067136158,False
BHARTIARTL,2025-11-24,2025-11-24 14:05:00+05:30,SHORT,2.1971108021656915,-0.009306654257785858,-0.26058631921823683,False
BHARTIARTL,2025-11-25,2025-11-25 12:45:00+05:30,LONG,1.774838544193414,0.1893239748799367,0.12467676394533954,True
BHARTIARTL,2025-11-28,2025-11-28 15:15:00+05:30,SHORT,2.314299710856494,0.1999428734647157,0.02856326763781344,True
BHARTIARTL,2025-12-01,2025-12-01 12:35:00+05:30,SHORT,1.7548874041078941,0.17252120573153348,-0.22523601859396528,False
BHARTIARTL,2025-12-03,2025-12-03 11:15:00+05:30,SHORT,1.5095685504981784,0.20609662576687987,0.07668711656441281,True
BPCL,2025-11-19,2025-11-19 11:05:00+05:30,SHORT,1.3580111688177403,0.1763907734056926,-0.13568521031207598,False
BPCL,2025-11-24,2025-11-24 11:15:00+05:30,SHORT,0.8324548104956269,0.4411967461739876,0.37225975458430055,True
BPCL,2025-11-25,2025-11-25 11:35:00+05:30,SHORT,0.5256822867567371,0.09835604889701355,0.09835604889701355,True
BPCL,2025-11-28,2025-11-28 11:20:00+05:30,SHORT,4.512719413631535,0.45712702590385856,0.29089901648428074,True
BPCL,2025-12-01,2025-12-01 12:55:00+05:30,SHORT,9.932767121398443,0.37932003371732675,0.37932003371732675,True
KOTAKBANK,2025-11-18,2025-11-18 15:15:00+05:30,SHORT,1.7913853181458814,0.004784460073676334,-0.2631453040524377,False
KOTAKBANK,2025-11-19,2025-11-19 14:10:00+05:30,LONG,1.6224042203074784,0.1233864844343377,-0.04271070615032443,False
KOTAKBANK,2025-11-21,2025-11-21 14:50:00+05:30,SHORT,1.5374158912903348,0.4502131328128785,0.35921260596771876,True
KOTAKBANK,2025-11-25,2025-11-25 10:55:00+05:30,SHORT,1.0697268349759237,0.18330921369996053,-0.053063193439455335,False
KOTAKBANK,2025-11-26,2025-11-26 13:00:00+05:30,LONG,2.3013902521957257,0.27744558718010914,0.1148050705572873,True
KOTAKBANK,2025-11-27,2025-11-27 11:10:00+05:30,LONG,0.9902230365424657,0.35876132930513166,0.3068353474320242,True
KOTAKBANK,2025-11-28,2025-11-28 11:15:00+05:30,LONG,1.052416930942706,0.2627997559716509,0.2017926697639367,True
APOLLOHOSP,2025-11-19,2025-11-19 12:15:00+05:30,LONG,1.5059400702226924,0.20134228187919465,0.15436241610738255,True
APOLLOHOSP,2025-11-21,2025-11-21 14:55:00+05:30,SHORT,3.4012122269219027,0.07445512386625151,-0.0812237714904562,False
APOLLOHOSP,2025-11-24,2025-11-24 14:40:00+05:30,SHORT,1.066116090282014,0.454823162039237,0.31226664856425224,True
APOLLOHOSP,2025-11-26,2025-11-26 12:00:00+05:30,LONG,0.9288815951900316,0.12177795818956769,-0.23002503213585007,False
APOLLOHOSP,2025-11-27,2025-11-27 13:25:00+05:30,SHORT,0.9037868780273007,0.08868272051299543,0.0,False
APOLLOHOSP,2025-12-01,2025-12-01 14:50:00+05:30,SHORT,3.4433919438307656,0.18499486125385406,0.17129153819801302,True
APOLLOHOSP,2025-12-02,2025-12-02 13:10:00+05:30,SHORT,0.5447722567287785,0.020689655172413793,0.006896551724137931,True
ADANIPORTS,2025-11-18,2025-11-18 13:55:00+05:30,SHORT,1.1919243430005528,0.2532995600586558,0.11998400213304589,True
ADANIPORTS,2025-11-19,2025-11-19 10:55:00+05:30,SHORT,1.1980655260227246,0.26317565287806804,0.19569471624266754,True
ADANIPORTS,2025-11-20,2025-11-20 13:00:00+05:30,LONG,0.8429109666377456,0.21381798743819627,0.15368167847121356,True
ADANIPORTS,2025-12-01,2025-12-01 12:35:00+05:30,LONG,0.6097168432253343,0.10428208303461751,0.02607052075865808,True
ADANIPORTS,2025-12-02,2025-12-02 11:20:00+05:30,SHORT,1.8455526785608722,0.1250575923122401,0.03290989271374975,True
ADANIPORTS,2025-12-03,2025-12-03 12:25:00+05:30,SHORT,0.5125481343779047,0.9014980776879166,0.7556675062972201,True
EICHERMOT,2025-11-19,2025-11-19 14:10:00+05:30,LONG,5.879557156598328,0.3058994901675164,0.20393299344501092,True
EICHERMOT,2025-12-01,2025-12-01 11:25:00+05:30,LONG,0.4481522338665196,0.4650507328072154,0.2677564825253664,True
EICHERMOT,2025-12-03,2025-12-03 13:25:00+05:30,SHORT,0.5643164784481297,0.14145271942853102,0.06365372374283895,True
TITAN,2025-11-18,2025-11-18 15:20:00+05:30,LONG,5.336233882949956,0.3034823311558094,-0.08230029319478983,False
TITAN,2025-11-19,2025-11-19 11:45:00+05:30,LONG,0.48962210328995626,0.17921146953405018,0.0844854070660569,True
TITAN,2025-11-24,2025-11-24 12:35:00+05:30,SHORT,3.342430185729342,0.12886597938144329,-0.2164948453608271,False
TITAN,2025-11-26,2025-11-26 14:00:00+05:30,LONG,2.805761859127935,0.07445251726528435,-0.051346563631228984,False
SBIN,2025-11-19,2025-11-19 12:20:00+05:30,LONG,0.7721272987592785,0.17911975435005117,0.13817809621289895,True
SBIN,2025-11-24,2025-11-24 15:00:00+05:30,SHORT,10.422114513895565,0.06194187787126648,-0.10839828627471927,False
SBIN,2025-11-26,2025-11-26 12:50:00+05:30,LONG,1.2712225426163428,0.010083186286868943,-0.28232921603226163,False
SBIN,2025-11-27,2025-11-27 11:35:00+05:30,SHORT,0.645844597048167,0.2813587067730714,0.2404338039697179,True
SBIN,2025-12-01,2025-12-01 13:55:00+05:30,SHORT,0.31001383369357444,0.04108252452112949,-0.02567657782570739,False
TECHM,2025-11-19,2025-11-19 13:05:00+05:30,LONG,0.2736557099403545,0.013866740622619809,-0.0901338140470051,False
TECHM,2025-12-01,2025-12-01 13:40:00+05:30,LONG,2.758017552704413,0.15703723091016758,-0.019629653863767228,False
TECHM,2025-12-03,2025-12-03 11:30:00+05:30,LONG,0.4703604644211801,0.4469201373145841,0.31090096508840953,True
AXISBANK,2025-11-18,2025-11-18 11:00:00+05:30,LONG,0.42653013999768596,0.30925382602490614,0.22202838791532645,True
AXISBANK,2025-11-24,2025-11-24 12:00:00+05:30,LONG,0.8567708042185388,0.12470771628993835,0.062353858144969174,True
AXISBANK,2025-11-28,2025-11-28 14:05:00+05:30,SHORT,2.48689138576779,0.07050528789659936,-0.10967489228359507,False
AXISBANK,2025-12-01,2025-12-01 11:45:00+05:30,SHORT,0.8359884360055497,0.11013215859031551,0.03146633102580954,True
AXISBANK,2025-12-02,2025-12-02 11:55:00+05:30,SHORT,0.72311037110296,0.03948199620972836,0.02368919772585138,True
HCLTECH,2025-11-18,2025-11-18 12:45:00+05:30,SHORT,1.3344244687108406,0.11934673366834742,-0.18844221105527637,False
HCLTECH,2025-11-25,2025-11-25 10:55:00+05:30,SHORT,0.6908906388860075,0.11289513296539022,-0.18188660311087954,False
HCLTECH,2025-11-26,2025-11-26 11:10:00+05:30,LONG,1.0200358873939945,0.31539888682745265,0.08039579468150616,True
HCLTECH,2025-12-01,2025-12-01 11:25:00+05:30,LONG,2.1130202071132143,0.21400183430143688,0.12840110058085658,True
HCLTECH,2025-12-02,2025-12-02 11:15:00+05:30,SHORT,6.5604348690597325,0.40475898442290625,0.07359254262233646,True
ASIANPAINT,2025-11-26,2025-11-26 14:25:00+05:30,SHORT,3.1038911975821684,0.0489681706890553,-0.34277719482337116,False
ASIANPAINT,2025-12-01,2025-12-01 11:45:00+05:30,SHORT,1.0351966873706004,0.0105053051791059,-0.035017683930384846,False
DIVISLAB,2025-11-18,2025-11-18 15:00:00+05:30,SHORT,3.2816114109483427,0.007727378100610463,0.0,False
DIVISLAB,2025-11-19,2025-11-19 11:25:00+05:30,SHORT,0.49565074675857546,0.00777000777000777,-0.1320901320901321,False
DIVISLAB,2025-11-24,2025-11-24 11:15:00+05:30,SHORT,0.5436993621789347,0.0316105579263474,-0.3793266951161688,False
DIVISLAB,2025-11-25,2025-11-25 13:05:00+05:30,LONG,2.7908343125734434,0.5634684614180623,0.5086868054468617,True
DIVISLAB,2025-11-28,2025-11-28 11:55:00+05:30,SHORT,0.6329387870615459,0.16291698991466252,0.07757951900698215,True
DIVISLAB,2025-12-01,2025-12-01 14:50:00+05:30,SHORT,1.375202405736757,0.14811350171499843,-0.14811350171499843,False
DIVISLAB,2025-12-03,2025-12-03 15:10:00+05:30,LONG,1.6105904711973262,0.10835074684621933,-0.007739339060444238,False
TCS,2025-11-18,2025-11-18 15:10:00+05:30,SHORT,2.095985523894723,0.19455252918287938,0.12645914396887456,True
TCS,2025-11-21,2025-11-21 14:10:00+05:30,LONG,2.099235563823767,0.028435120533319355,-0.2495971691257809,False
TCS,2025-11-24,2025-11-24 13:15:00+05:30,LONG,3.5615240682560407,0.012592079581945822,-0.20462129320657305,False
TCS,2025-11-25,2025-11-25 14:20:00+05:30,SHORT,1.0389594694623623,0.16345629947757792,0.08333066247876379,True
TCS,2025-11-27,2025-11-27 13:15:00+05:30,SHORT,1.1119348716766286,0.06395906619763352,0.03197953309881676,True
TCS,2025-12-01,2025-12-01 14:05:00+05:30,SHORT,1.7431171336595117,0.0672150561725943,-0.028806452645380926,False
WIPRO,2025-11-21,2025-11-21 11:00:00+05:30,SHORT,0.4139745520558474,0.10599266204648157,-0.04076640847941064,False
WIPRO,2025-11-26,2025-11-26 11:15:00+05:30,LONG,0.9648811949047885,0.01613749142695447,-0.15734054141284334,False
ITC,2025-11-18,2025-11-18 11:25:00+05:30,SHORT,1.328643480194467,0.024709661477629326,-0.037064492216465066,False
ITC,2025-11-19,2025-11-19 13:20:00+05:30,SHORT,1.9996988893452465,0.037160906726118485,-0.17341756472192382,False
ITC,2025-11-20,2025-11-20 14:55:00+05:30,LONG,1.5157990777798762,0.18509378084896347,-0.04935834155972079,False
ITC,2025-11-21,2025-11-21 12:15:00+05:30,LONG,1.2458716931110017,0.12271444348999877,0.12271444348999877,True
ITC,2025-11-24,2025-11-24 11:45:00+05:30,SHORT,2.6089348479445773,0.16051364365970547,-0.04938881343375445,False
ITC,2025-11-25,2025-11-25 15:00:00+05:30,SHORT,2.994328362251861,0.23687819473880775,0.16207455429498419,True
ITC,2025-11-27,2025-11-27 15:00:00+05:30,LONG,3.0593738757670317,0.4951107810372571,0.2599331600445628,True
BAJAJ-AUTO,2025-11-19,2025-11-19 13:35:00+05:30,SHORT,0.8906936199324696,0.15770205575894114,-0.2083920022528865,False
BAJAJ-AUTO,2025-11-20,2025-11-20 11:00:00+05:30,LONG,2.2921951077290883,0.5246706854208529,0.3460593882563072,True
BAJAJ-AUTO,2025-11-21,2025-11-21 13:10:00+05:30,SHORT,1.3602349152221276,0.21885521885521886,0.1851851851851852,True
BAJAJ-AUTO,2025-11-25,2025-11-25 12:35:00+05:30,LONG,2.5795318682131367,0.38482682792743267,0.32985156679494226,True
BAJAJ-AUTO,2025-11-26,2025-11-26 12:40:00+05:30,LONG,0.4415551387608482,0.15334063526834613,0.15334063526834613,True
BAJAJ-AUTO,2025-11-27,2025-11-27 11:55:00+05:30,SHORT,1.4505331394644372,0.11613759539873907,-0.02765180842827121,False
BAJAJ-AUTO,2025-12-03,2025-12-03 12:40:00+05:30,SHORT,2.4844977263331955,0.08930564858227283,-0.2455905336012503,False
BRITANNIA,2025-11-19,2025-11-19 11:55:00+05:30,LONG,0.8349800101098296,0.20453383330492586,-0.06817794443497528,False
BRITANNIA,2025-11-20,2025-11-20 12:05:00+05:30,SHORT,5.107276189333853,0.3270223752151463,0.21514629948364886,True
BRITANNIA,2025-11-25,2025-11-25 14:05:00+05:30,LONG,0.9702714019260782,0.20491803278688525,0.1878415300546448,True
BRITANNIA,2025-11-27,2025-11-27 12:00:00+05:30,SHORT,0.8891607075649229,0.1881628463906945,0.09408142319534725,True
BRITANNIA,2025-12-01,2025-12-01 14:45:00+05:30,SHORT,0.47870233304839144,0.14633726435396402,-0.14633726435396402,False
BRITANNIA,2025-12-02,2025-12-02 14:30:00+05:30,LONG,1.6021072932100944,0.36705078958600085,0.15364916773367476,True
HDFCBANK,2025-11-20,2025-11-20 12:25:00+05:30,LONG,2.874050376684465,0.7594683721394933,0.5046467472769015,True
HDFCBANK,2025-11-24,2025-11-24 14:40:00+05:30,LONG,0.5611169303681057,0.06960326140995643,-0.7805508600974468,False
HDFCBANK,2025-11-25,2025-11-25 15:00:00+05:30,SHORT,3.4622902369944137,0.17166515197414237,0.08583257598706544,True
HDFCBANK,2025-11-26,2025-11-26 11:25:00+05:30,LONG,1.1323456231621805,0.04493035794518951,-0.10483750187209372,False
HDFCBANK,2025-12-01,2025-12-01 12:00:00+05:30,SHORT,1.4759186867679759,0.43837800139484817,0.3586729102321433,True
HDFCBANK,2025-12-03,2025-12-03 14:15:00+05:30,LONG,1.5519255477793417,0.31143258991360484,0.3013863773357444,True
LT,2025-11-18,2025-11-18 14:15:00+05:30,SHORT,0.4814338580548223,0.07484096295372333,-0.09978795060496445,False
LT,2025-11-20,2025-11-20 14:00:00+05:30,LONG,1.8443061455767928,0.25509572281249676,-0.04210317755157189,False
LT,2025-11-24,2025-11-24 15:00:00+05:30,SHORT,5.960968435629254,0.07486897928624905,0.012478163214374845,True
LT,2025-11-25,2025-11-25 11:55:00+05:30,LONG,3.07369882485166,0.2206246901338644,0.04462072384730247,True
LT,2025-11-27,2025-11-27 13:50:00+05:30,LONG,0.9356049667917989,0.2906763721634649,0.17587141845184964,True
LT,2025-12-02,2025-12-02 11:55:00+05:30,SHORT,1.264855186078958,0.0,-0.08897456810261509,False
RELIANCE,2025-11-18,2025-11-18 13:20:00+05:30,LONG,1.4991595888678992,0.11799410029498228,-0.01966568338249456,False
RELIANCE,2025-11-24,2025-11-24 11:45:00+05:30,SHORT,0.6882623497489476,0.18226793386277532,0.1301913813305559,True
RELIANCE,2025-11-25,2025-11-25 12:30:00+05:30,LONG,1.1676380381986893,0.33609100310238144,0.18097207859358547,True
RELIANCE,2025-11-28,2025-11-28 11:10:00+05:30,LONG,0.4554814456669321,0.05079042600470967,-0.09523204875880897,False
RELIANCE,2025-12-03,2025-12-03 11:20:00+05:30,SHORT,1.6733713693889993,0.01955798943869756,-0.16298324532238084,False
NESTLEIND,2025-11-19,2025-11-19 12:25:00+05:30,LONG,1.1463966178350211,0.4086444007858582,0.4086444007858582,True
NESTLEIND,2025-11-21,2025-11-21 13:05:00+05:30,LONG,5.364007289737555,0.007765180928726233,-0.17859916136045617,False
NESTLEIND,2025-11-24,2025-11-24 11:35:00+05:30,SHORT,1.3212825200757161,0.3379706044171936,0.1414760669653348,True
NESTLEIND,2025-11-27,2025-11-27 13:40:00+05:30,SHORT,0.6386293692433893,0.03965107057890563,-0.17446471054718837,False
NESTLEIND,2025-12-01,2025-12-01 12:25:00+05:30,SHORT,0.8522544759843785,0.0955261900971219,0.03980257920713262,True
POWERGRID,2025-11-18,2025-11-18 12:15:00+05:30,LONG,2.135261823095387,0.1817520901490367,0.09087604507451835,True
POWERGRID,2025-11-20,2025-11-20 14:55:00+05:30,LONG,0.6735874732537807,0.3433321286591936,0.18070112034694616,True
POWERGRID,2025-11-24,2025-11-24 11:30:00+05:30,SHORT,0.5355989121536886,0.5447612130016343,0.4176502633012653,True
POWERGRID,2025-12-02,2025-12-02 14:25:00+05:30,SHORT,1.9192397707101427,0.37306472673008767,0.33575825405709164,True
POWERGRID,2025-12-03,2025-12-03 12:30:00+05:30,SHORT,0.7518966202289602,0.0940379913485048,-0.5642279480910287,False
NTPC,2025-11-18,2025-11-18 15:00:00+05:30,SHORT,1.3447738036688124,0.060938452163311584,-0.060938452163311584,False
NTPC,2025-11-20,2025-11-20 11:45:00+05:30,LONG,3.573480936201778,0.38022813688212925,0.01520912547528863,True
NTPC,2025-11-24,2025-11-24 11:55:00+05:30,SHORT,0.6350170828027739,0.0,-0.24638127502310175,False
NTPC,2025-11-27,2025-11-27 12:45:00+05:30,LONG,3.4823061450342347,0.16760627761694694,-0.16760627761692962,False
NTPC,2025-11-28,2025-11-28 12:35:00+05:30,SHORT,1.2810120742245625,0.0,-0.29203811865969526,False
NTPC,2025-12-02,2025-12-02 11:15:00+05:30,LONG,5.2651865609809985,0.3500761035007541,0.24353120243531548,True
CIPLA,2025-11-19,2025-11-19 14:40:00+05:30,LONG,2.500430915609487,0.0,-0.09153916568589583,False
CIPLA,2025-11-21,2025-11-21 11:15:00+05:30,SHORT,0.3577503429355281,0.24332500328816375,0.1446797316848493,True
CIPLA,2025-11-24,2025-11-24 14:25:00+05:30,SHORT,1.0548000371735695,0.16627868307283006,0.07981376787496146,True
CIPLA,2025-11-25,2025-11-25 11:45:00+05:30,LONG,1.4394197139396578,0.22378727045350433,0.052655828341996606,True
CIPLA,2025-11-26,2025-11-26 14:10:00+05:30,LONG,1.2585646850378538,0.15125608312509417,0.0986452716033145,True
CIPLA,2025-11-28,2025-11-28 14:15:00+05:30,LONG,0.5499981267093776,0.30041797283175997,0.09143155694878942,True
CIPLA,2025-12-01,2025-12-01 13:50:00+05:30,SHORT,0.4597949112695841,0.17076054117955533,0.16419282805727048,True
CIPLA,2025-12-02,2025-12-02 14:50:00+05:30,SHORT,2.956044453013241,0.09243364584707933,-0.264096130991681,False
CIPLA,2025-12-03,2025-12-03 13:30:00+05:30,SHORT,1.0790545861246477,0.3445990722332701,0.1722995361166275,True
M&M,2025-11-18,2025-11-18 10:55:00+05:30,SHORT,0.13899813653587287,0.0,-0.5796316359696666,False
M&M,2025-11-19,2025-11-19 11:40:00+05:30,LONG,0.7144175580771901,0.3733548213806095,0.3169486972871389,True
M&M,2025-11-21,2025-11-21 15:00:00+05:30,LONG,2.0186910246866385,0.14137103227527825,-0.05334755934915977,False
M&M,2025-11-26,2025-11-26 12:40:00+05:30,LONG,2.8507360192149345,0.11358104819081123,0.11358104819081123,True
M&M,2025-11-27,2025-11-27 11:55:00+05:30,SHORT,0.8099957535321256,0.0681663258350375,-0.28629856850715746,False
M&M,2025-12-02,2025-12-02 13:15:00+05:30,SHORT,2.264249339238376,0.013462574044157244,-0.2961766289714593,False
GRASIM,2025-11-18,2025-11-18 14:55:00+05:30,SHORT,1.2391781757844909,0.7900717919116883,0.6096901042606186,True
GRASIM,2025-11-19,2025-11-19 14:50:00+05:30,SHORT,0.36717641767290593,0.12397447584321206,-0.13126709206927656,False
GRASIM,2025-11-21,2025-11-21 11:45:00+05:30,SHORT,1.1615910869510337,0.062023422963270194,-0.3393046079754725,False
GRASIM,2025-11-24,2025-11-24 11:30:00+05:30,SHORT,1.0659399854241263,0.117677343433982,0.04045158680544124,True
GRASIM,2025-12-01,2025-12-01 11:45:00+05:30,SHORT,1.928664225817881,0.33734232912877016,0.27134056908182885,True
GRASIM,2025-12-03,2025-12-03 10:55:00+05:30,SHORT,1.2283083790570073,0.30565273430308165,-0.2761922297919352,False
ONGC,2025-11-18,2025-11-18 14:05:00+05:30,SHORT,1.4600023520314191,0.040469445568593415,-0.040469445568593415,False
ONGC,2025-11-19,2025-11-19 12:40:00+05:30,LONG,1.8453867099470398,0.12043356081895278,0.06021678040947639,True
ONGC,2025-11-21,2025-11-21 15:05:00+05:30,SHORT,4.4090165412423605,0.1419590346785734,0.08111944838775788,True
ONGC,2025-11-24,2025-11-24 11:05:00+05:30,SHORT,0.8853349433875812,0.1626677511183431,0.0,False
ONGC,2025-11-25,2025-11-25 12:15:00+05:30,LONG,0.8193104622370275,0.020206102242881944,-0.3435037381289126,False
ONGC,2025-11-26,2025-11-26 11:00:00+05:30,LONG,0.45485213277672165,0.12135922330097548,0.12135922330097548,True
ONGC,2025-12-01,2025-12-01 10:55:00+05:30,LONG,0.48542270316399627,0.01632586425044711,-0.12652544794090131,False
ONGC,2025-12-02,2025-12-02 14:20:00+05:30,SHORT,1.440148293446844,0.17684556857906922,0.15628213037219638,True
ULTRACEMCO,2025-11-18,2025-11-18 11:10:00+05:30,SHORT,0.5457515293213336,0.042625745950554135,0.017050298380221655,True
ULTRACEMCO,2025-11-20,2025-11-20 13:25:00+05:30,LONG,1.54604455358709,0.20427270405992,0.10213635202996,True
ULTRACEMCO,2025-11-24,2025-11-24 11:15:00+05:30,SHORT,5.391328632269776,0.025687130747495505,-0.13699803065330937,False
ULTRACEMCO,2025-11-27,2025-11-27 13:15:00+05:30,SHORT,0.9410089099400484,0.26641457545548297,0.18047438982468203,True
ULTRACEMCO,2025-12-01,2025-12-01 15:10:00+05:30,LONG,4.186729991535785,3.0872137895549265,0.2229654403567447,True
ULTRACEMCO,2025-12-03,2025-12-03 12:25:00+05:30,SHORT,0.5670623288000384,0.07764644983176602,-0.07764644983176602,False
ICICIBANK,2025-11-18,2025-11-18 12:40:00+05:30,SHORT,0.6182218665942288,0.04366494432718937,0.04366494432718937,True
ICICIBANK,2025-11-19,2025-11-19 12:40:00+05:30,LONG,1.1086747585879098,0.05792064871126227,-0.021720243266721295,False
ICICIBANK,2025-11-24,2025-11-24 15:20:00+05:30,SHORT,3.0721266743496227,0.13935748863136943,-0.19069972128501606,False
ICICIBANK,2025-11-25,2025-11-25 13:45:00+05:30,SHORT,1.1256155548304398,0.029396634085403904,-0.16903064599103068,False
ICICIBANK,2025-11-26,2025-11-26 13:05:00+05:30,LONG,1.6530794508250721,0.03644314868804665,-0.0728862973760933,False
ICICIBANK,2025-12-01,2025-12-01 11:25:00+05:30,LONG,0.14811827377810335,0.02864303616183967,-0.1646974579305374,False
ICICIBANK,2025-12-03,2025-12-03 11:25:00+05:30,LONG,1.2723693967792828,0.21739130434782608,0.18115942028985507,True
SUNPHARMA,2025-11-18,2025-11-18 11:25:00+05:30,SHORT,2.936199896259994,0.09134505594884158,-0.33683489381137766,False
SUNPHARMA,2025-11-24,2025-11-24 14:05:00+05:30,SHORT,0.3859097352104638,0.045131445334534274,-0.12411147466997888,False
SUNPHARMA,2025-11-25,2025-11-25 11:55:00+05:30,LONG,2.2394647375973853,0.13422068116996203,0.11185056764163079,True
SUNPHARMA,2025-11-26,2025-11-26 11:30:00+05:30,LONG,0.3181241961303217,0.34602076124567727,0.3292778211854052,True
SUNPHARMA,2025-11-28,2025-11-28 11:30:00+05:30,LONG,0.5456049464069149,0.2917698871456072,0.28075970272501566,True
SUNPHARMA,2025-12-01,2025-12-01 12:10:00+05:30,SHORT,1.3830890935027882,0.34174842905964314,0.17638628596626862,True
SUNPHARMA,2025-12-03,2025-12-03 10:55:00+05:30,SHORT,1.2485533077172353,0.15683638604155908,-0.2240519800593738,False
BAJFINANCE,2025-11-19,2025-11-19 12:05:00+05:30,SHORT,0.4953445636612774,0.039662865642040385,-0.09915716410510658,False
BAJFINANCE,2025-11-21,2025-11-21 11:00:00+05:30,SHORT,3.21689876809671,0.2570185844207219,0.12850929221036655,True
BAJFINANCE,2025-11-24,2025-11-24 14:05:00+05:30,SHORT,0.998131871497259,0.20116676725005028,0.12070006035003475,True
BAJFINANCE,2025-11-25,2025-11-25 15:10:00+05:30,SHORT,2.7884054484517202,0.13187259078920213,0.08115236356258415,True
HDFCLIFE,2025-11-18,2025-11-18 12:20:00+05:30,SHORT,0.5055751153170431,0.28154259150133926,0.1833300595822664,True
HDFCLIFE,2025-11-19,2025-11-19 13:25:00+05:30,SHORT,1.169806507761447,0.16482067510548523,-0.03955696202532545,False
HDFCLIFE,2025-11-20,2025-11-20 12:00:00+05:30,SHORT,1.1879110815086171,0.052941565746803955,-0.4235325259744617,False
HDFCLIFE,2025-11-25,2025-11-25 13:35:00+05:30,LONG,1.217071666082184,0.33313737017440126,0.2743484224965587,True
LTIM,2025-11-20,2025-11-20 11:40:00+05:30,LONG,0.4715231251076942,0.09868421052631579,0.03289473684210526,True
LTIM,2025-11-24,2025-11-24 10:55:00+05:30,LONG,0.4916895417936111,0.38365304420350294,0.38365304420350294,True
LTIM,2025-11-27,2025-11-27 10:55:00+05:30,LONG,0.5013524162460332,0.15187310158623016,-0.07593655079311508,False
LTIM,2025-11-28,2025-11-28 14:15:00+05:30,LONG,3.85313612979818,0.016400164001640016,-0.1886018860188602,False
LTIM,2025-12-01,2025-12-01 13:45:00+05:30,LONG,1.5466637352973507,0.0244081034903588,-0.08949637946464893,False
LTIM,2025-12-02,2025-12-02 11:15:00+05:30,SHORT,0.3248671902509224,0.08181966944853543,0.057273768613974804,True
LTIM,2025-12-03,2025-12-03 11:40:00+05:30,LONG,0.7516722408026756,0.2661290322580645,-0.29838709677419356,False
TATACONSUM,2025-11-18,2025-11-18 13:55:00+05:30,SHORT,0.4532739899685829,0.4041967664258725,0.30959752321980644,True
TATACONSUM,2025-11-20,2025-11-20 12:15:00+05:30,LONG,1.6993549719587562,0.2051282051282129,0.09401709401708624,True
TATACONSUM,2025-11-21,2025-11-21 14:20:00+05:30,LONG,0.3205455273221804,0.3214618052618376,-0.06767616952880083,False
TATACONSUM,2025-11-28,2025-11-28 13:45:00+05:30,SHORT,1.0400383161284406,0.05144473977535017,-0.1371859727342996,False
TATACONSUM,2025-12-01,2025-12-01 11:40:00+05:30,SHORT,0.7140166474269397,0.0687049124012523,-0.317760219855704,False
DRREDDY,2025-11-18,2025-11-18 12:25:00+05:30,SHORT,0.9709728033472803,0.0,-0.1534733441033999,False
DRREDDY,2025-11-19,2025-11-19 14:20:00+05:30,LONG,1.7445156788346636,0.22401792143371102,0.08000640051204096,True
DRREDDY,2025-11-21,2025-11-21 11:20:00+05:30,SHORT,0.9197855734606423,0.10497416020673303,-0.08882428940567741,False
DRREDDY,2025-11-24,2025-11-24 12:00:00+05:30,LONG,0.442461142835533,0.015979546180892097,-0.6072227548737543,False
DRREDDY,2025-11-26,2025-11-26 14:00:00+05:30,LONG,2.8411935620323563,0.2243230251562213,0.12818458580354983,True
DRREDDY,2025-11-28,2025-11-28 15:00:00+05:30,LONG,3.437639140564328,0.2545541325272489,0.03181926656591289,True
DRREDDY,2025-12-03,2025-12-03 11:50:00+05:30,LONG,0.4553237893446862,0.007797878976911186,-0.3431066749844113,False
COALINDIA,2025-11-18,2025-11-18 11:05:00+05:30,SHORT,0.3416382855006853,0.1035732780942458,0.025893319523554087,True
COALINDIA,2025-11-21,2025-11-21 14:00:00+05:30,SHORT,0.5900303973150034,0.02647603918452896,-0.3441885093989969,False
COALINDIA,2025-11-25,2025-11-25 14:40:00+05:30,SHORT,1.9045391934539286,0.0675401864109145,0.04052411184654255,True
COALINDIA,2025-11-28,2025-11-28 10:55:00+05:30,SHORT,0.966581845838928,0.06640988179041042,-0.13281976358082084,False
COALINDIA,2025-12-01,2025-12-01 14:00:00+05:30,LONG,5.053884127103243,0.22448171134293485,0.03961441964876116,True
JSWSTEEL,2025-11-18,2025-11-18 12:30:00+05:30,SHORT,1.1366189349241491,0.11158798283261412,-0.1888412017167421,False
JSWSTEEL,2025-11-20,2025-11-20 13:45:00+05:30,LONG,0.22751148699555374,0.1365537253563121,0.07681147051291828,True
JSWSTEEL,2025-11-28,2025-11-28 12:05:00+05:30,LONG,2.3852209147841696,0.051194539249139,-0.6058020477815622,False
JSWSTEEL,2025-12-03,2025-12-03 14:15:00+05:30,SHORT,2.6188675058239284,2.1346324180690797,-0.5491585473870723,False
