Date,Option,Gain_Pct,Time,Spot_RVOL,Spot_Loc,Decision,Reason
2025-12-05,EICHERMOT25DEC7200CE,50.892401835798054,09:15,,UpperHalf,REJECT,No Breakout (UpperHalf)
2025-12-05,MARUTI25DEC16200CE,52.207001522070016,09:16,0.17835430674780667,AboveUpper,REJECT,Low Vol (RVOL 0.2 < 2.5)
2025-12-05,HDFCLIFE25DEC790CE,50.43478260869566,09:19,0.9556635602489447,LowerHalf,REJECT,Low Vol (RVOL 1.0 < 2.5) + No Breakout (LowerHalf)
2025-12-05,BAJFINANCE25DEC1050CE,100.31746031746032,09:20,3.8562924097568794,LowerHalf,REJECT,No Breakout (LowerHalf)
2025-12-05,KOTAKBANK25DEC2180CE,52.77108433734939,09:20,0.5022383263523796,LowerHalf,REJECT,Low Vol (RVOL 0.5 < 2.5) + No Breakout (LowerHalf)
2025-12-05,HINDALCO25DEC840CE,109.3167701863354,09:24,1.0923622693905655,LowerHalf,REJECT,Low Vol (RVOL 1.1 < 2.5) + No Breakout (LowerHalf)
2025-12-05,HINDALCO25DEC850CE,109.16666666666669,09:27,1.5086546479450405,LowerHalf,REJECT,Low Vol (RVOL 1.5 < 2.5) + No Breakout (LowerHalf)
2025-12-05,INFY25DEC1640CE,75.83892617449663,09:27,1.5413589335374704,LowerHalf,REJECT,Low Vol (RVOL 1.5 < 2.5) + No Breakout (LowerHalf)
2025-12-05,TCS25DEC3300CE,55.080213903743314,09:34,0.25270232210317356,UpperHalf,REJECT,Low Vol (RVOL 0.3 < 2.5) + No Breakout (UpperHalf)
2025-12-05,INFY25DEC1660CE,71.29186602870813,09:35,6.175940859862896,LowerHalf,REJECT,No Breakout (LowerHalf)
2025-12-05,INFY25DEC1600CE,51.219512195121965,09:48,8.245451025937554,LowerHalf,REJECT,No Breakout (LowerHalf)
2025-12-05,INFY25DEC1620CE,57.446808510638306,09:48,8.245451025937554,LowerHalf,REJECT,No Breakout (LowerHalf)
2025-12-05,HINDUNILVR25DEC2400PE,196.4102564102564,10:00,8.269588477144552,LowerHalf,REJECT,No Breakout (LowerHalf)
2025-12-05,HINDUNILVR25DEC2380PE,156.06469002695417,10:01,4.885209650293739,LowerHalf,REJECT,No Breakout (LowerHalf)
2025-12-05,HINDUNILVR25DEC2420PE,136.222005842259,10:01,4.885209650293739,LowerHalf,REJECT,No Breakout (LowerHalf)
2025-12-05,HINDUNILVR25DEC2440PE,128.74806800618236,10:01,4.885209650293739,LowerHalf,REJECT,No Breakout (LowerHalf)
2025-12-05,HINDUNILVR25DEC2460PE,200.10000000000002,10:01,4.885209650293739,LowerHalf,REJECT,No Breakout (LowerHalf)
2025-12-05,HINDUNILVR25DEC2300PE,156.72823218997362,10:02,13.49632341300552,LowerHalf,REJECT,No Breakout (LowerHalf)
2025-12-05,HINDUNILVR25DEC2360PE,156.66666666666666,10:02,13.49632341300552,LowerHalf,REJECT,No Breakout (LowerHalf)
2025-12-05,BAJAJFINSV25DEC2060CE,91.05199516324062,10:04,0.8257337573465494,LowerHalf,REJECT,Low Vol (RVOL 0.8 < 2.5) + No Breakout (LowerHalf)
2025-12-05,BAJAJFINSV25DEC2080CE,101.22887864823352,10:04,0.8257337573465494,LowerHalf,REJECT,Low Vol (RVOL 0.8 < 2.5) + No Breakout (LowerHalf)
2025-12-05,BAJAJFINSV25DEC2120CE,126.88172043010752,10:04,0.8257337573465494,LowerHalf,REJECT,Low Vol (RVOL 0.8 < 2.5) + No Breakout (LowerHalf)
2025-12-05,BAJFINANCE25DEC1000CE,55.91882750845547,10:04,14.591471530287125,LowerHalf,REJECT,No Breakout (LowerHalf)
2025-12-05,BAJAJFINSV25DEC2040CE,74.49355432780848,10:05,0.43118837053588915,LowerHalf,REJECT,Low Vol (RVOL 0.4 < 2.5) + No Breakout (LowerHalf)
2025-12-05,BAJAJFINSV25DEC2100CE,99.62335216572504,10:05,0.43118837053588915,LowerHalf,REJECT,Low Vol (RVOL 0.4 < 2.5) + No Breakout (LowerHalf)
2025-12-05,SBIN25DEC980CE,84.1726618705036,10:05,10.45218559554761,LowerHalf,REJECT,No Breakout (LowerHalf)
2025-12-05,HINDUNILVR25DEC2480PE,59.4896331738437,10:06,1.0752013680726353,UpperHalf,REJECT,Low Vol (RVOL 1.1 < 2.5) + No Breakout (UpperHalf)
2025-12-05,SBIN25DEC960CE,82.33082706766916,10:06,9.599105542804413,LowerHalf,REJECT,No Breakout (LowerHalf)
2025-12-05,SBIN25DEC970CE,84.61538461538461,10:06,9.599105542804413,LowerHalf,REJECT,No Breakout (LowerHalf)
2025-12-05,SBIN25DEC940CE,62.5514403292181,10:15,7.948217195212686,LowerHalf,REJECT,No Breakout (LowerHalf)
2025-12-05,SBIN25DEC950CE,68.0,10:15,7.948217195212686,LowerHalf,REJECT,No Breakout (LowerHalf)
2025-12-05,HCLTECH25DEC1660CE,50.927246790299584,10:38,0.5755385033460868,LowerHalf,REJECT,Low Vol (RVOL 0.6 < 2.5) + No Breakout (LowerHalf)
2025-12-05,HCLTECH25DEC1680CE,54.51055662188099,10:38,0.5755385033460868,LowerHalf,REJECT,Low Vol (RVOL 0.6 < 2.5) + No Breakout (LowerHalf)
2025-12-05,HCLTECH25DEC1700CE,52.56410256410257,10:40,2.822267969816528,LowerHalf,REJECT,No Breakout (LowerHalf)
2025-12-05,LTIM25DEC6300CE,50.05574136008918,10:47,2.174353148067803,AboveUpper,REJECT,Low Vol (RVOL 2.2 < 2.5)
2025-12-05,LTIM25DEC6350CE,53.77483443708609,10:47,2.174353148067803,AboveUpper,REJECT,Low Vol (RVOL 2.2 < 2.5)
2025-12-05,HINDALCO25DEC790CE,54.86862442040186,10:54,1.6615699697002038,LowerHalf,REJECT,Low Vol (RVOL 1.7 < 2.5) + No Breakout (LowerHalf)
2025-12-05,HINDALCO25DEC800CE,63.358778625954194,10:54,1.6615699697002038,LowerHalf,REJECT,Low Vol (RVOL 1.7 < 2.5) + No Breakout (LowerHalf)
2025-12-05,HINDALCO25DEC810CE,62.7906976744186,10:55,1.3199871952027826,LowerHalf,REJECT,Low Vol (RVOL 1.3 < 2.5) + No Breakout (LowerHalf)
2025-12-05,HINDALCO25DEC820CE,69.78851963746223,10:55,1.3199871952027826,LowerHalf,REJECT,Low Vol (RVOL 1.3 < 2.5) + No Breakout (LowerHalf)
2025-12-05,HINDALCO25DEC830CE,69.23076923076923,10:56,3.3155816179987116,LowerHalf,REJECT,No Breakout (LowerHalf)
2025-12-05,BPCL25DEC360CE,50.387596899224796,11:07,5.422872699454501,LowerHalf,REJECT,No Breakout (LowerHalf)
2025-12-05,HDFCLIFE25DEC780CE,53.08641975308643,11:49,1.4772252150028515,LowerHalf,REJECT,Low Vol (RVOL 1.5 < 2.5) + No Breakout (LowerHalf)
2025-12-05,TATACONSUM25DEC1170CE,50.54545454545454,11:58,0.05493222736447648,LowerHalf,REJECT,Low Vol (RVOL 0.1 < 2.5) + No Breakout (LowerHalf)
2025-12-05,BRITANNIA25DEC5950CE,63.0263157894737,11:59,1.5000237947934612,UpperHalf,REJECT,Low Vol (RVOL 1.5 < 2.5) + No Breakout (UpperHalf)
2025-12-05,BRITANNIA25DEC5900CE,57.6530612244898,12:00,0.12794479388504668,UpperHalf,REJECT,Low Vol (RVOL 0.1 < 2.5) + No Breakout (UpperHalf)
2025-12-05,BRITANNIA25DEC5850CE,50.541082164328664,12:08,0.851533305652666,UpperHalf,REJECT,Low Vol (RVOL 0.9 < 2.5) + No Breakout (UpperHalf)
2025-12-05,ADANIENT25DEC2300CE,50.98314606741572,12:34,4.137471072254414,UpperHalf,REJECT,No Breakout (UpperHalf)
2025-12-08,ADANIPORTS25DEC1480PE,141.15384615384616,09:15,,LowerHalf,REJECT,No Breakout (LowerHalf)
2025-12-08,BEL25DEC400PE,220.9090909090909,09:15,,LowerHalf,REJECT,No Breakout (LowerHalf)
2025-12-08,HINDALCO25DEC850CE,88.33333333333334,09:15,,LowerHalf,REJECT,No Breakout (LowerHalf)
2025-12-08,CIPLA25DEC1470PE,117.64705882352942,09:16,0.2638222807559262,LowerHalf,REJECT,Low Vol (RVOL 0.3 < 2.5) + No Breakout (LowerHalf)
2025-12-08,HDFCLIFE25DEC790CE,67.88321167883213,09:17,1.205505173584669,LowerHalf,REJECT,Low Vol (RVOL 1.2 < 2.5) + No Breakout (LowerHalf)
2025-12-08,HDFCLIFE25DEC770CE,54.770318021201405,09:18,1.2765165443262072,LowerHalf,REJECT,Low Vol (RVOL 1.3 < 2.5) + No Breakout (LowerHalf)
2025-12-08,HDFCLIFE25DEC780CE,54.54545454545454,09:18,1.2765165443262072,LowerHalf,REJECT,Low Vol (RVOL 1.3 < 2.5) + No Breakout (LowerHalf)
2025-12-08,AXISBANK25DEC1250PE,87.17948717948718,09:19,1.1577970657142294,LowerHalf,REJECT,Low Vol (RVOL 1.2 < 2.5) + No Breakout (LowerHalf)
2025-12-08,ADANIENT25DEC2100PE,103.34928229665073,09:21,0.2282530675755237,LowerHalf,REJECT,Low Vol (RVOL 0.2 < 2.5) + No Breakout (LowerHalf)
2025-12-08,AXISBANK25DEC1280PE,70.25089605734767,09:21,0.35118764780738243,LowerHalf,REJECT,Low Vol (RVOL 0.4 < 2.5) + No Breakout (LowerHalf)
2025-12-08,ASIANPAINT25DEC2860PE,69.26229508196721,09:22,0.27429517691068334,LowerHalf,REJECT,Low Vol (RVOL 0.3 < 2.5) + No Breakout (LowerHalf)
2025-12-08,GRASIM25DEC2780CE,70.26515151515153,09:22,0.3144692166483227,LowerHalf,REJECT,Low Vol (RVOL 0.3 < 2.5) + No Breakout (LowerHalf)
2025-12-08,AXISBANK25DEC1290PE,60.86956521739132,09:25,0.799879725974325,LowerHalf,REJECT,Low Vol (RVOL 0.8 < 2.5) + No Breakout (LowerHalf)
2025-12-08,AXISBANK25DEC1300PE,53.404255319148916,09:26,0.7935159299568159,LowerHalf,REJECT,Low Vol (RVOL 0.8 < 2.5) + No Breakout (LowerHalf)
2025-12-08,KOTAKBANK25DEC2160PE,78.44311377245509,09:26,0.38138356558565467,UpperHalf,REJECT,Low Vol (RVOL 0.4 < 2.5) + No Breakout (UpperHalf)
2025-12-08,TATACONSUM25DEC1140PE,107.74193548387099,09:29,0.07744713491920138,LowerHalf,REJECT,Low Vol (RVOL 0.1 < 2.5) + No Breakout (LowerHalf)
2025-12-08,TATACONSUM25DEC1170PE,77.74725274725276,09:30,0.7034788083100766,LowerHalf,REJECT,Low Vol (RVOL 0.7 < 2.5) + No Breakout (LowerHalf)
2025-12-08,AXISBANK25DEC1260PE,59.116022099447505,09:31,0.989050206494685,LowerHalf,REJECT,Low Vol (RVOL 1.0 < 2.5) + No Breakout (LowerHalf)
2025-12-08,AXISBANK25DEC1270PE,56.302521008403374,09:31,0.989050206494685,LowerHalf,REJECT,Low Vol (RVOL 1.0 < 2.5) + No Breakout (LowerHalf)
2025-12-08,ASIANPAINT25DEC2940PE,59.852941176470594,09:34,0.32860437327322595,LowerHalf,REJECT,Low Vol (RVOL 0.3 < 2.5) + No Breakout (LowerHalf)
2025-12-08,ASIANPAINT25DEC2880PE,59.523809523809526,09:35,0.2116494025361197,UpperHalf,REJECT,Low Vol (RVOL 0.2 < 2.5) + No Breakout (UpperHalf)
2025-12-08,ASIANPAINT25DEC2900PE,60.092807424593964,09:35,0.2116494025361197,UpperHalf,REJECT,Low Vol (RVOL 0.2 < 2.5) + No Breakout (UpperHalf)
2025-12-08,ASIANPAINT25DEC2920PE,55.9928443649374,09:35,0.2116494025361197,UpperHalf,REJECT,Low Vol (RVOL 0.2 < 2.5) + No Breakout (UpperHalf)
2025-12-08,ASIANPAINT25DEC2960PE,53.1322505800464,09:35,0.2116494025361197,UpperHalf,REJECT,Low Vol (RVOL 0.2 < 2.5) + No Breakout (UpperHalf)
2025-12-08,ASIANPAINT25DEC2980PE,52.69230769230771,09:35,0.2116494025361197,UpperHalf,REJECT,Low Vol (RVOL 0.2 < 2.5) + No Breakout (UpperHalf)
2025-12-08,HINDUNILVR25DEC2340PE,56.40243902439025,09:35,0.39731905082923963,LowerHalf,REJECT,Low Vol (RVOL 0.4 < 2.5) + No Breakout (LowerHalf)
2025-12-08,BEL25DEC405PE,148.5549132947977,09:39,15.721142798783779,LowerHalf,REJECT,No Breakout (LowerHalf)
2025-12-08,INDUSINDBK25DEC850PE,167.741935483871,09:41,0.8501567136607759,LowerHalf,REJECT,Low Vol (RVOL 0.9 < 2.5) + No Breakout (LowerHalf)
2025-12-08,TATACONSUM25DEC1130PE,103.33333333333331,09:42,0.007721868331112939,LowerHalf,REJECT,Low Vol (RVOL 0.0 < 2.5) + No Breakout (LowerHalf)
2025-12-08,BAJFINANCE25DEC1050PE,54.03050108932463,09:46,2.9095159662076497,LowerHalf,REJECT,No Breakout (LowerHalf)
2025-12-08,SBIN25DEC960PE,113.72549019607845,09:46,0.9087932132013798,LowerHalf,REJECT,Low Vol (RVOL 0.9 < 2.5) + No Breakout (LowerHalf)
2025-12-08,JSWSTEEL25DEC1100PE,220.00000000000003,09:47,0.7573922924821287,LowerHalf,REJECT,Low Vol (RVOL 0.8 < 2.5) + No Breakout (LowerHalf)
2025-12-08,JSWSTEEL25DEC1110PE,219.1176470588235,09:47,0.7573922924821287,LowerHalf,REJECT,Low Vol (RVOL 0.8 < 2.5) + No Breakout (LowerHalf)
2025-12-08,JSWSTEEL25DEC1120PE,193.33333333333331,09:47,0.7573922924821287,LowerHalf,REJECT,Low Vol (RVOL 0.8 < 2.5) + No Breakout (LowerHalf)
2025-12-08,JSWSTEEL25DEC1140PE,169.17562724014337,09:47,0.7573922924821287,LowerHalf,REJECT,Low Vol (RVOL 0.8 < 2.5) + No Breakout (LowerHalf)
2025-12-08,JSWSTEEL25DEC1150PE,151.26760563380282,09:47,0.7573922924821287,LowerHalf,REJECT,Low Vol (RVOL 0.8 < 2.5) + No Breakout (LowerHalf)
2025-12-08,NESTLEIND25DEC1210PE,119.25925925925927,09:47,0.37639440374065003,LowerHalf,REJECT,Low Vol (RVOL 0.4 < 2.5) + No Breakout (LowerHalf)
2025-12-08,NESTLEIND25DEC1250PE,87.3508353221957,09:47,0.37639440374065003,LowerHalf,REJECT,Low Vol (RVOL 0.4 < 2.5) + No Breakout (LowerHalf)
2025-12-08,JSWSTEEL25DEC1160PE,132.65306122448976,09:49,0.08820768856542255,LowerHalf,REJECT,Low Vol (RVOL 0.1 < 2.5) + No Breakout (LowerHalf)
2025-12-08,NESTLEIND25DEC1240PE,82.4712643678161,09:49,0.2350855020863685,LowerHalf,REJECT,Low Vol (RVOL 0.2 < 2.5) + No Breakout (LowerHalf)
2025-12-08,BAJAJFINSV25DEC2060PE,119.04761904761905,09:50,0.27463242305285945,LowerHalf,REJECT,Low Vol (RVOL 0.3 < 2.5) + No Breakout (LowerHalf)
2025-12-08,BEL25DEC410PE,102.77777777777779,09:50,19.216091120921888,LowerHalf,REJECT,No Breakout (LowerHalf)
2025-12-08,INDUSINDBK25DEC840PE,176.92307692307693,09:50,0.13119368681001967,LowerHalf,REJECT,Low Vol (RVOL 0.1 < 2.5) + No Breakout (LowerHalf)
2025-12-08,INDUSINDBK25DEC860PE,143.10344827586206,09:50,0.13119368681001967,LowerHalf,REJECT,Low Vol (RVOL 0.1 < 2.5) + No Breakout (LowerHalf)
2025-12-08,INDUSINDBK25DEC870PE,129.53929539295393,09:50,0.13119368681001967,LowerHalf,REJECT,Low Vol (RVOL 0.1 < 2.5) + No Breakout (LowerHalf)
2025-12-08,JSWSTEEL25DEC1130PE,170.5128205128205,09:50,0.09906991751743324,LowerHalf,REJECT,Low Vol (RVOL 0.1 < 2.5) + No Breakout (LowerHalf)
2025-12-08,NESTLEIND25DEC1220PE,116.66666666666663,09:50,0.44224610839103634,LowerHalf,REJECT,Low Vol (RVOL 0.4 < 2.5) + No Breakout (LowerHalf)
2025-12-08,DIVISLAB25DEC6300PE,150.6341463414634,09:51,0.022526717987148667,AboveUpper,REJECT,Low Vol (RVOL 0.0 < 2.5)
2025-12-08,DIVISLAB25DEC6400PE,122.03692674210839,09:51,0.022526717987148667,AboveUpper,REJECT,Low Vol (RVOL 0.0 < 2.5)
2025-12-08,DIVISLAB25DEC6450PE,120.66198595787361,09:51,0.022526717987148667,AboveUpper,REJECT,Low Vol (RVOL 0.0 < 2.5)
2025-12-08,JSWSTEEL25DEC1170PE,122.55639097744361,09:51,0.09822839731756192,LowerHalf,REJECT,Low Vol (RVOL 0.1 < 2.5) + No Breakout (LowerHalf)
2025-12-08,DIVISLAB25DEC6250PE,188.75000000000003,09:52,0.027498873470516414,UpperHalf,REJECT,Low Vol (RVOL 0.0 < 2.5) + No Breakout (UpperHalf)
2025-12-08,BAJAJ-AUTO25DEC9000PE,53.34268349696119,09:53,0.0,Mid,No Spot Data,No Data
2025-12-08,INDUSINDBK25DEC830PE,186.9230769230769,09:54,0.47963157774075443,LowerHalf,REJECT,Low Vol (RVOL 0.5 < 2.5) + No Breakout (LowerHalf)
2025-12-08,JSWSTEEL25DEC1180PE,103.33333333333331,09:55,0.20239448434697654,LowerHalf,REJECT,Low Vol (RVOL 0.2 < 2.5) + No Breakout (LowerHalf)
2025-12-08,BRITANNIA25DEC5800PE,129.79066022544282,09:56,0.0519392511385338,UpperHalf,REJECT,Low Vol (RVOL 0.1 < 2.5) + No Breakout (UpperHalf)
2025-12-08,INDUSINDBK25DEC880PE,108.05084745762711,09:56,0.0559143888579424,LowerHalf,REJECT,Low Vol (RVOL 0.1 < 2.5) + No Breakout (LowerHalf)
2025-12-08,BHARTIARTL25DEC2060PE,78.1818181818182,09:57,0.9878533948372318,LowerHalf,REJECT,Low Vol (RVOL 1.0 < 2.5) + No Breakout (LowerHalf)
2025-12-08,BRITANNIA25DEC5950PE,97.12793733681464,09:57,0.08583296931991827,UpperHalf,REJECT,Low Vol (RVOL 0.1 < 2.5) + No Breakout (UpperHalf)
2025-12-08,LT25DEC3900PE,66.30824372759857,09:57,0.1766517001543267,UpperHalf,REJECT,Low Vol (RVOL 0.2 < 2.5) + No Breakout (UpperHalf)
2025-12-08,LT25DEC4000PE,55.969191270860065,10:00,0.08199383749203948,UpperHalf,REJECT,Low Vol (RVOL 0.1 < 2.5) + No Breakout (UpperHalf)
2025-12-08,TITAN25DEC3740PE,78.92561983471073,10:01,0.10587001221468575,UpperHalf,REJECT,Low Vol (RVOL 0.1 < 2.5) + No Breakout (UpperHalf)
2025-12-08,ADANIPORTS25DEC1500PE,91.11111111111111,10:02,0.8128362549128675,LowerHalf,REJECT,Low Vol (RVOL 0.8 < 2.5) + No Breakout (LowerHalf)
2025-12-08,SBIN25DEC950PE,108.92857142857142,10:02,3.9949135677003618,LowerHalf,REJECT,No Breakout (LowerHalf)
2025-12-08,SBIN25DEC970PE,83.26530612244898,10:02,3.9949135677003618,LowerHalf,REJECT,No Breakout (LowerHalf)
2025-12-08,NTPC25DEC330PE,53.125,10:03,0.9196846436534661,LowerHalf,REJECT,Low Vol (RVOL 0.9 < 2.5) + No Breakout (LowerHalf)
2025-12-08,ADANIENT25DEC2200PE,75.04051863857374,10:04,0.4467260826643116,LowerHalf,REJECT,Low Vol (RVOL 0.4 < 2.5) + No Breakout (LowerHalf)
2025-12-08,ADANIPORTS25DEC1460PE,107.00934579439252,10:04,0.9274295931104759,LowerHalf,REJECT,Low Vol (RVOL 0.9 < 2.5) + No Breakout (LowerHalf)
2025-12-08,BAJAJFINSV25DEC2040PE,116.10942249240122,10:04,0.3406124342715322,LowerHalf,REJECT,Low Vol (RVOL 0.3 < 2.5) + No Breakout (LowerHalf)
2025-12-08,SBIN25DEC980PE,73.04347826086958,10:04,5.315963514140672,LowerHalf,REJECT,No Breakout (LowerHalf)
2025-12-08,ADANIPORTS25DEC1520PE,71.60305343511452,10:05,0.07689439835957763,LowerHalf,REJECT,Low Vol (RVOL 0.1 < 2.5) + No Breakout (LowerHalf)
2025-12-08,SBIN25DEC990PE,59.656652360515025,10:05,2.369562457684245,LowerHalf,REJECT,Low Vol (RVOL 2.4 < 2.5) + No Breakout (LowerHalf)
2025-12-08,ULTRACEMCO25DEC11300PE,74.1111111111111,10:08,0.009840582562486407,AboveUpper,REJECT,Low Vol (RVOL 0.0 < 2.5)
2025-12-08,INDUSINDBK25DEC820PE,178.84615384615387,10:09,0.40530075729886567,LowerHalf,REJECT,Low Vol (RVOL 0.4 < 2.5) + No Breakout (LowerHalf)
2025-12-08,BAJAJFINSV25DEC2020PE,100.37593984962403,10:10,0.24684185189484786,LowerHalf,REJECT,Low Vol (RVOL 0.2 < 2.5) + No Breakout (LowerHalf)
2025-12-08,BAJAJFINSV25DEC2100PE,70.79856972586413,10:10,0.24684185189484786,LowerHalf,REJECT,Low Vol (RVOL 0.2 < 2.5) + No Breakout (LowerHalf)
2025-12-08,BRITANNIA25DEC5900PE,83.62662586074983,10:15,0.13942557957192356,UpperHalf,REJECT,Low Vol (RVOL 0.1 < 2.5) + No Breakout (UpperHalf)
2025-12-08,TATASTEEL25DEC172.5PE,68.10344827586208,10:21,3.857466825335804,LowerHalf,REJECT,No Breakout (LowerHalf)
2025-12-08,BHARTIARTL25DEC2100PE,56.99373695198331,10:22,0.22194029001063573,LowerHalf,REJECT,Low Vol (RVOL 0.2 < 2.5) + No Breakout (LowerHalf)
2025-12-08,APOLLOHOSP25DEC7100PE,83.00653594771242,10:28,0.030983204573877807,UpperHalf,REJECT,Low Vol (RVOL 0.0 < 2.5) + No Breakout (UpperHalf)
2025-12-08,APOLLOHOSP25DEC7150PE,73.7857142857143,10:28,0.030983204573877807,UpperHalf,REJECT,Low Vol (RVOL 0.0 < 2.5) + No Breakout (UpperHalf)
2025-12-08,INDUSINDBK25DEC890PE,86.48208469055375,10:30,1.8434866072765783,LowerHalf,REJECT,Low Vol (RVOL 1.8 < 2.5) + No Breakout (LowerHalf)
2025-12-08,BRITANNIA25DEC6000PE,59.800951968844664,10:59,0.1813119471384177,UpperHalf,REJECT,Low Vol (RVOL 0.2 < 2.5) + No Breakout (UpperHalf)
2025-12-08,KOTAKBANK25DEC2100PE,73.76237623762377,11:00,0.4691134965339821,LowerHalf,REJECT,Low Vol (RVOL 0.5 < 2.5) + No Breakout (LowerHalf)
2025-12-08,APOLLOHOSP25DEC7200PE,57.642820380854346,11:05,0.012568203450723833,UpperHalf,REJECT,Low Vol (RVOL 0.0 < 2.5) + No Breakout (UpperHalf)
2025-12-08,DIVISLAB25DEC6350PE,106.58073270013568,11:05,0.322240067130426,UpperHalf,REJECT,Low Vol (RVOL 0.3 < 2.5) + No Breakout (UpperHalf)
2025-12-08,BRITANNIA25DEC5850PE,69.01785714285715,11:25,0.07511826546427207,UpperHalf,REJECT,Low Vol (RVOL 0.1 < 2.5) + No Breakout (UpperHalf)
2025-12-08,KOTAKBANK25DEC2080PE,66.89189189189187,11:30,0.5844260388900763,LowerHalf,REJECT,Low Vol (RVOL 0.6 < 2.5) + No Breakout (LowerHalf)
2025-12-08,TATACONSUM25DEC1160PE,69.55128205128204,11:33,0.09285112736410488,LowerHalf,REJECT,Low Vol (RVOL 0.1 < 2.5) + No Breakout (LowerHalf)
2025-12-08,TATACONSUM25DEC1180PE,66.66666666666666,11:37,0.29406498970544354,LowerHalf,REJECT,Low Vol (RVOL 0.3 < 2.5) + No Breakout (LowerHalf)
2025-12-08,TCS25DEC3100PE,87.5,11:42,0.6464142141394137,UpperHalf,REJECT,Low Vol (RVOL 0.6 < 2.5) + No Breakout (UpperHalf)
2025-12-08,KOTAKBANK25DEC2120PE,58.70967741935485,12:20,0.4455751355183611,LowerHalf,REJECT,Low Vol (RVOL 0.4 < 2.5) + No Breakout (LowerHalf)
2025-12-08,CIPLA25DEC1490PE,71.56398104265404,12:33,0.4714257572360335,LowerHalf,REJECT,Low Vol (RVOL 0.5 < 2.5) + No Breakout (LowerHalf)
2025-12-08,CIPLA25DEC1510PE,64.51612903225806,12:33,0.4714257572360335,LowerHalf,REJECT,Low Vol (RVOL 0.5 < 2.5) + No Breakout (LowerHalf)
2025-12-08,CIPLA25DEC1500PE,60.42402826855123,12:45,0.04481182561730409,LowerHalf,REJECT,Low Vol (RVOL 0.0 < 2.5) + No Breakout (LowerHalf)
2025-12-08,TATACONSUM25DEC1150PE,67.85714285714285,12:48,0.027273892112531842,LowerHalf,REJECT,Low Vol (RVOL 0.0 < 2.5) + No Breakout (LowerHalf)
2025-12-08,NESTLEIND25DEC1230PE,74.57044673539517,12:53,0.22605381909737687,LowerHalf,REJECT,Low Vol (RVOL 0.2 < 2.5) + No Breakout (LowerHalf)
2025-12-08,NESTLEIND25DEC1260PE,55.55555555555556,12:55,2.169116211254968,LowerHalf,REJECT,Low Vol (RVOL 2.2 < 2.5) + No Breakout (LowerHalf)
2025-12-08,BAJAJFINSV25DEC2080PE,66.66666666666666,13:15,0.23443968604925178,LowerHalf,REJECT,Low Vol (RVOL 0.2 < 2.5) + No Breakout (LowerHalf)
2025-12-08,ULTRACEMCO25DEC11400PE,60.40609137055836,13:20,0.04428207682940023,AboveUpper,REJECT,Low Vol (RVOL 0.0 < 2.5)
2025-12-08,INFY25DEC1560PE,51.31578947368421,13:21,0.636168145746655,LowerHalf,REJECT,Low Vol (RVOL 0.6 < 2.5) + No Breakout (LowerHalf)
2025-12-08,HDFCLIFE25DEC790PE,54.285714285714285,13:22,0.8650960281639615,LowerHalf,REJECT,Low Vol (RVOL 0.9 < 2.5) + No Breakout (LowerHalf)
2025-12-08,ULTRACEMCO25DEC11200PE,52.28571428571428,13:22,0.06977302536047283,AboveUpper,REJECT,Low Vol (RVOL 0.1 < 2.5)
2025-12-08,CIPLA25DEC1480PE,53.76344086021505,13:33,1.7584943554016752,LowerHalf,REJECT,Low Vol (RVOL 1.8 < 2.5) + No Breakout (LowerHalf)
2025-12-08,TITAN25DEC3760PE,68.6178861788618,13:33,0.05318284500878217,UpperHalf,REJECT,Low Vol (RVOL 0.1 < 2.5) + No Breakout (UpperHalf)
2025-12-08,TITAN25DEC3720PE,65.27777777777779,13:45,0.08399072288731711,UpperHalf,REJECT,Low Vol (RVOL 0.1 < 2.5) + No Breakout (UpperHalf)
2025-12-09,ADANIENT25DEC2300CE,65.80516898608352,09:15,,LowerHalf,REJECT,No Breakout (LowerHalf)
2025-12-09,ASIANPAINT25DEC2800PE,389.5238095238095,09:15,,LowerHalf,REJECT,No Breakout (LowerHalf)
2025-12-09,ASIANPAINT25DEC2820PE,261.7647058823529,09:15,,LowerHalf,REJECT,No Breakout (LowerHalf)
2025-12-09,ASIANPAINT25DEC2840PE,225.50335570469798,09:15,,LowerHalf,REJECT,No Breakout (LowerHalf)
2025-12-09,ASIANPAINT25DEC2860PE,241.8837675350701,09:15,,LowerHalf,REJECT,No Breakout (LowerHalf)
2025-12-09,ASIANPAINT25DEC2880PE,184.84848484848487,09:15,,LowerHalf,REJECT,No Breakout (LowerHalf)
2025-12-09,ASIANPAINT25DEC2900PE,219.44444444444446,09:15,,LowerHalf,REJECT,No Breakout (LowerHalf)
2025-12-09,RELIANCE25DEC1520PE,96.33027522935778,09:15,,LowerHalf,REJECT,No Breakout (LowerHalf)
2025-12-09,TATACONSUM25DEC1150PE,166.16161616161617,09:15,,LowerHalf,REJECT,No Breakout (LowerHalf)
2025-12-09,M&M25DEC3600PE,63.87499999999999,09:16,0.0,Mid,No Spot Data,No Data
2025-12-09,TCS25DEC3100PE,54.5081967213115,09:16,0.2923037704568039,UpperHalf,REJECT,Low Vol (RVOL 0.3 < 2.5) + No Breakout (UpperHalf)
2025-12-09,ASIANPAINT25DEC2760PE,283.33333333333337,09:17,0.5834126184173526,UpperHalf,REJECT,Low Vol (RVOL 0.6 < 2.5) + No Breakout (UpperHalf)
2025-12-09,ASIANPAINT25DEC2780PE,259.32203389830505,09:17,0.5834126184173526,UpperHalf,REJECT,Low Vol (RVOL 0.6 < 2.5) + No Breakout (UpperHalf)
2025-12-09,HINDALCO25DEC780PE,50.943396226415096,09:17,0.5296063874757311,LowerHalf,REJECT,Low Vol (RVOL 0.5 < 2.5) + No Breakout (LowerHalf)
2025-12-09,HINDALCO25DEC800PE,51.5,09:17,0.5296063874757311,LowerHalf,REJECT,Low Vol (RVOL 0.5 < 2.5) + No Breakout (LowerHalf)
2025-12-09,RELIANCE25DEC1500PE,71.42857142857142,09:18,1.930657139190902,LowerHalf,REJECT,Low Vol (RVOL 1.9 < 2.5) + No Breakout (LowerHalf)
2025-12-09,ASIANPAINT25DEC2740PE,218.9655172413793,09:19,0.8557081876615171,UpperHalf,REJECT,Low Vol (RVOL 0.9 < 2.5) + No Breakout (UpperHalf)
2025-12-09,RELIANCE25DEC1540PE,50.593824228028495,09:19,4.732527313918932,LowerHalf,REJECT,No Breakout (LowerHalf)
2025-12-09,BAJAJ-AUTO25DEC8900PE,55.41871921182266,09:21,0.0,Mid,No Spot Data,No Data
2025-12-09,BAJAJ-AUTO25DEC9000PE,56.65796344647518,09:21,0.0,Mid,No Spot Data,No Data
2025-12-09,DRREDDY25DEC1260PE,63.78205128205129,09:25,0.17737608898950524,LowerHalf,REJECT,Low Vol (RVOL 0.2 < 2.5) + No Breakout (LowerHalf)
2025-12-09,DRREDDY25DEC1230PE,71.83098591549295,09:26,0.14115879717162985,LowerHalf,REJECT,Low Vol (RVOL 0.1 < 2.5) + No Breakout (LowerHalf)
2025-12-09,M&M25DEC3650PE,51.74999999999999,09:27,0.0,Mid,No Spot Data,No Data
2025-12-09,DRREDDY25DEC1240PE,64.79591836734691,09:28,0.752049227115905,LowerHalf,REJECT,Low Vol (RVOL 0.8 < 2.5) + No Breakout (LowerHalf)
2025-12-09,DRREDDY25DEC1250PE,60.156249999999986,09:28,0.752049227115905,LowerHalf,REJECT,Low Vol (RVOL 0.8 < 2.5) + No Breakout (LowerHalf)
2025-12-09,DRREDDY25DEC1270PE,55.60975609756097,09:28,0.752049227115905,LowerHalf,REJECT,Low Vol (RVOL 0.8 < 2.5) + No Breakout (LowerHalf)
2025-12-09,INFY25DEC1600PE,51.415094339622655,09:28,2.7886117462055235,LowerHalf,REJECT,No Breakout (LowerHalf)
2025-12-09,DRREDDY25DEC1220PE,80.76923076923077,09:31,0.05679334655537523,LowerHalf,REJECT,Low Vol (RVOL 0.1 < 2.5) + No Breakout (LowerHalf)
2025-12-09,INFY25DEC1560PE,50.23923444976077,09:31,0.9938606131806741,LowerHalf,REJECT,Low Vol (RVOL 1.0 < 2.5) + No Breakout (LowerHalf)
2025-12-09,TITAN25DEC3840CE,154.22740524781344,09:49,0.8341778176365823,UpperHalf,REJECT,Low Vol (RVOL 0.8 < 2.5) + No Breakout (UpperHalf)
2025-12-09,TITAN25DEC3880CE,176.15062761506277,09:49,0.8341778176365823,UpperHalf,REJECT,Low Vol (RVOL 0.8 < 2.5) + No Breakout (UpperHalf)
2025-12-09,TITAN25DEC3900CE,183.29113924050634,09:49,0.8341778176365823,UpperHalf,REJECT,Low Vol (RVOL 0.8 < 2.5) + No Breakout (UpperHalf)
2025-12-09,TITAN25DEC3820CE,135.11904761904762,10:06,0.1566509732733356,UpperHalf,REJECT,Low Vol (RVOL 0.2 < 2.5) + No Breakout (UpperHalf)
2025-12-09,GRASIM25DEC2760CE,76.2121212121212,10:08,0.011582399629362505,LowerHalf,REJECT,Low Vol (RVOL 0.0 < 2.5) + No Breakout (LowerHalf)
2025-12-09,TITAN25DEC3780CE,106.11111111111111,10:12,0.3255506512915882,UpperHalf,REJECT,Low Vol (RVOL 0.3 < 2.5) + No Breakout (UpperHalf)
2025-12-09,TITAN25DEC3700CE,72.028920018075,10:13,0.3332533118002298,UpperHalf,REJECT,Low Vol (RVOL 0.3 < 2.5) + No Breakout (UpperHalf)
2025-12-09,TITAN25DEC3800CE,110.91743119266056,10:13,0.3332533118002298,UpperHalf,REJECT,Low Vol (RVOL 0.3 < 2.5) + No Breakout (UpperHalf)
2025-12-09,TITAN25DEC3860CE,140.0625978090767,10:13,0.3332533118002298,UpperHalf,REJECT,Low Vol (RVOL 0.3 < 2.5) + No Breakout (UpperHalf)
2025-12-09,TITAN25DEC3760CE,84.64541314248538,10:19,0.267188363907846,UpperHalf,REJECT,Low Vol (RVOL 0.3 < 2.5) + No Breakout (UpperHalf)
2025-12-09,COALINDIA25DEC370CE,62.42424242424243,10:20,0.7967610256089538,LowerHalf,REJECT,Low Vol (RVOL 0.8 < 2.5) + No Breakout (LowerHalf)
2025-12-09,GRASIM25DEC2780CE,73.65491651205936,10:20,0.07041051769655286,UpperHalf,REJECT,Low Vol (RVOL 0.1 < 2.5) + No Breakout (UpperHalf)
2025-12-09,GRASIM25DEC2740CE,59.02383654937571,10:22,0.3665653240223729,UpperHalf,REJECT,Low Vol (RVOL 0.4 < 2.5) + No Breakout (UpperHalf)
2025-12-09,TITAN25DEC3740CE,60.99674972914409,10:27,1.3103828732437344,UpperHalf,REJECT,Low Vol (RVOL 1.3 < 2.5) + No Breakout (UpperHalf)
2025-12-09,APOLLOHOSP25DEC7150CE,58.523042754025546,13:31,0.2978784414486253,UpperHalf,REJECT,Low Vol (RVOL 0.3 < 2.5) + No Breakout (UpperHalf)
2025-12-09,APOLLOHOSP25DEC7100CE,51.95482189400522,13:32,3.8383953832977578,AboveUpper,POSSIBLE,Criteria Met
2025-12-09,SUNPHARMA25DEC1780PE,53.29153605015674,14:10,0.3283334127409596,LowerHalf,REJECT,Low Vol (RVOL 0.3 < 2.5) + No Breakout (LowerHalf)
2025-12-10,HINDALCO25DEC850CE,77.58620689655174,09:15,,LowerHalf,REJECT,No Breakout (LowerHalf)
2025-12-10,RELIANCE25DEC1540CE,59.779614325068884,09:16,2.0277506212252536,LowerHalf,REJECT,Low Vol (RVOL 2.0 < 2.5) + No Breakout (LowerHalf)
2025-12-10,ADANIENT25DEC2100CE,50.40650406504065,09:17,0.2371761835144033,UpperHalf,REJECT,Low Vol (RVOL 0.2 < 2.5) + No Breakout (UpperHalf)
2025-12-10,RELIANCE25DEC1580CE,51.42857142857142,09:18,1.7108341308171275,LowerHalf,REJECT,Low Vol (RVOL 1.7 < 2.5) + No Breakout (LowerHalf)
2025-12-10,HINDALCO25DEC840CE,62.5,09:23,1.979514539756262,LowerHalf,REJECT,Low Vol (RVOL 2.0 < 2.5) + No Breakout (LowerHalf)
2025-12-10,LT25DEC4100CE,65.09695290858726,09:23,0.15264024796251038,UpperHalf,REJECT,Low Vol (RVOL 0.2 < 2.5) + No Breakout (UpperHalf)
2025-12-10,EICHERMOT25DEC7150CE,77.70771513353115,09:38,1.1463176071388375,AboveUpper,REJECT,Low Vol (RVOL 1.1 < 2.5)
2025-12-10,EICHERMOT25DEC7200CE,88.13636363636363,09:38,1.1463176071388375,AboveUpper,REJECT,Low Vol (RVOL 1.1 < 2.5)
2025-12-10,EICHERMOT25DEC7250CE,94.65478841870826,09:38,1.1463176071388375,AboveUpper,REJECT,Low Vol (RVOL 1.1 < 2.5)
2025-12-10,EICHERMOT25DEC7300CE,96.99799866577719,09:38,1.1463176071388375,AboveUpper,REJECT,Low Vol (RVOL 1.1 < 2.5)
2025-12-10,HDFCLIFE25DEC780CE,71.63120567375887,09:57,3.0013093099406514,LowerHalf,REJECT,No Breakout (LowerHalf)
2025-12-10,DIVISLAB25DEC6350CE,54.703328509406646,10:02,0.1477489393736592,UpperHalf,REJECT,Low Vol (RVOL 0.1 < 2.5) + No Breakout (UpperHalf)
2025-12-10,DIVISLAB25DEC6400CE,52.1613832853026,10:03,0.2444416347704347,UpperHalf,REJECT,Low Vol (RVOL 0.2 < 2.5) + No Breakout (UpperHalf)
2025-12-10,HDFCLIFE25DEC760CE,54.48504983388703,10:03,0.5954115143624181,LowerHalf,REJECT,Low Vol (RVOL 0.6 < 2.5) + No Breakout (LowerHalf)
2025-12-10,HDFCLIFE25DEC790CE,60.19417475728154,10:06,0.44729310246617315,LowerHalf,REJECT,Low Vol (RVOL 0.4 < 2.5) + No Breakout (LowerHalf)
2025-12-10,HDFCLIFE25DEC770CE,54.090909090909086,10:20,0.6633172652589228,LowerHalf,REJECT,Low Vol (RVOL 0.7 < 2.5) + No Breakout (LowerHalf)
2025-12-10,APOLLOHOSP25DEC7000PE,74.28003972194637,10:49,0.03611670060048617,UpperHalf,REJECT,Low Vol (RVOL 0.0 < 2.5) + No Breakout (UpperHalf)
2025-12-10,HDFCBANK25DEC980PE,57.48031496062993,10:49,3.762001751472727,LowerHalf,REJECT,No Breakout (LowerHalf)
2025-12-10,INDUSINDBK25DEC820PE,80.11695906432747,10:53,0.8022332800188374,LowerHalf,REJECT,Low Vol (RVOL 0.8 < 2.5) + No Breakout (LowerHalf)
2025-12-10,APOLLOHOSP25DEC7050PE,68.88059701492539,10:56,0.037967256117901214,AboveUpper,REJECT,Low Vol (RVOL 0.0 < 2.5)
2025-12-10,INDUSINDBK25DEC860PE,55.82822085889572,10:58,1.1381793852569682,LowerHalf,REJECT,Low Vol (RVOL 1.1 < 2.5) + No Breakout (LowerHalf)
2025-12-10,ULTRACEMCO25DEC11200PE,120.50716648291069,11:00,0.03286018887740372,AboveUpper,REJECT,Low Vol (RVOL 0.0 < 2.5)
2025-12-10,INDUSINDBK25DEC810PE,58.620689655172406,11:04,0.9144999542779947,LowerHalf,REJECT,Low Vol (RVOL 0.9 < 2.5) + No Breakout (LowerHalf)
2025-12-10,INDUSINDBK25DEC850PE,51.325301204819276,11:04,0.9144999542779947,LowerHalf,REJECT,Low Vol (RVOL 0.9 < 2.5) + No Breakout (LowerHalf)
2025-12-10,BRITANNIA25DEC5900PE,64.84848484848484,11:26,0.03646747006329692,UpperHalf,REJECT,Low Vol (RVOL 0.0 < 2.5) + No Breakout (UpperHalf)
2025-12-10,BRITANNIA25DEC5800PE,69.89795918367348,11:48,0.3351870003594862,UpperHalf,REJECT,Low Vol (RVOL 0.3 < 2.5) + No Breakout (UpperHalf)
2025-12-10,BRITANNIA25DEC5850PE,62.84615384615384,11:48,0.3351870003594862,UpperHalf,REJECT,Low Vol (RVOL 0.3 < 2.5) + No Breakout (UpperHalf)
2025-12-10,ULTRACEMCO25DEC11600PE,50.63950734249172,11:59,0.009281944679608762,AboveUpper,REJECT,Low Vol (RVOL 0.0 < 2.5)
2025-12-10,ULTRACEMCO25DEC11300PE,65.0029359953024,12:03,0.01019151984823614,AboveUpper,REJECT,Low Vol (RVOL 0.0 < 2.5)
2025-12-10,ULTRACEMCO25DEC11100PE,82.29854689564068,12:04,0.02258330885653328,AboveUpper,REJECT,Low Vol (RVOL 0.0 < 2.5)
2025-12-10,ULTRACEMCO25DEC11400PE,53.37864854058378,12:30,0.05359613303899226,AboveUpper,REJECT,Low Vol (RVOL 0.1 < 2.5)
2025-12-10,ICICIBANK25DEC1380PE,54.70588235294118,12:36,2.3742537504429273,LowerHalf,REJECT,Low Vol (RVOL 2.4 < 2.5) + No Breakout (LowerHalf)
2025-12-10,ICICIBANK25DEC1340PE,63.20754716981133,13:06,1.6058269065978854,LowerHalf,REJECT,Low Vol (RVOL 1.6 < 2.5) + No Breakout (LowerHalf)
2025-12-10,ICICIBANK25DEC1360PE,54.95049504950495,13:06,1.6058269065978854,LowerHalf,REJECT,Low Vol (RVOL 1.6 < 2.5) + No Breakout (LowerHalf)
2025-12-10,ICICIBANK25DEC1370PE,52.41635687732343,13:06,1.6058269065978854,LowerHalf,REJECT,Low Vol (RVOL 1.6 < 2.5) + No Breakout (LowerHalf)
2025-12-10,ICICIBANK25DEC1350PE,54.30463576158942,13:16,1.6306188034997962,LowerHalf,REJECT,Low Vol (RVOL 1.6 < 2.5) + No Breakout (LowerHalf)
2025-12-11,TITAN25DEC3800PE,65.76923076923077,09:17,0.07958685934757961,UpperHalf,REJECT,Low Vol (RVOL 0.1 < 2.5) + No Breakout (UpperHalf)
2025-12-11,TITAN25DEC3840PE,58.09352517985612,09:17,0.07958685934757961,UpperHalf,REJECT,Low Vol (RVOL 0.1 < 2.5) + No Breakout (UpperHalf)
2025-12-11,DRREDDY25DEC1250CE,71.0344827586207,09:20,0.2803339443569217,LowerHalf,REJECT,Low Vol (RVOL 0.3 < 2.5) + No Breakout (LowerHalf)
2025-12-11,DRREDDY25DEC1260CE,81.26888217522658,09:20,0.2803339443569217,LowerHalf,REJECT,Low Vol (RVOL 0.3 < 2.5) + No Breakout (LowerHalf)
2025-12-11,DRREDDY25DEC1270CE,80.69498069498069,09:20,0.2803339443569217,LowerHalf,REJECT,Low Vol (RVOL 0.3 < 2.5) + No Breakout (LowerHalf)
2025-12-11,DRREDDY25DEC1280CE,89.1891891891892,09:20,0.2803339443569217,LowerHalf,REJECT,Low Vol (RVOL 0.3 < 2.5) + No Breakout (LowerHalf)
2025-12-11,DRREDDY25DEC1290CE,110.74380165289257,09:20,0.2803339443569217,LowerHalf,REJECT,Low Vol (RVOL 0.3 < 2.5) + No Breakout (LowerHalf)
2025-12-11,MARUTI25DEC15900CE,65.49860815457671,09:20,0.07952532699527298,AboveUpper,REJECT,Low Vol (RVOL 0.1 < 2.5)
2025-12-11,MARUTI25DEC16300CE,80.1665404996215,09:20,0.07952532699527298,AboveUpper,REJECT,Low Vol (RVOL 0.1 < 2.5)
2025-12-11,MARUTI25DEC16100CE,75.04892367906066,09:21,0.04869456130090925,AboveUpper,REJECT,Low Vol (RVOL 0.0 < 2.5)
2025-12-11,MARUTI25DEC16000CE,66.69908578097645,09:26,0.050633811780733076,AboveUpper,REJECT,Low Vol (RVOL 0.1 < 2.5)
2025-12-11,MARUTI25DEC16200CE,75.9071980963712,09:26,0.050633811780733076,AboveUpper,REJECT,Low Vol (RVOL 0.1 < 2.5)
2025-12-11,MARUTI25DEC16400CE,77.1078662270372,09:27,0.1531243272449279,AboveUpper,REJECT,Low Vol (RVOL 0.2 < 2.5)
2025-12-11,SUNPHARMA25DEC1760CE,59.05405405405406,09:28,0.19372616569123235,LowerHalf,REJECT,Low Vol (RVOL 0.2 < 2.5) + No Breakout (LowerHalf)
2025-12-11,ASIANPAINT25DEC2740PE,62.71186440677968,09:31,0.4564020600248218,LowerHalf,REJECT,Low Vol (RVOL 0.5 < 2.5) + No Breakout (LowerHalf)
2025-12-11,ASIANPAINT25DEC2760PE,55.55555555555556,09:31,0.4564020600248218,LowerHalf,REJECT,Low Vol (RVOL 0.5 < 2.5) + No Breakout (LowerHalf)
2025-12-11,ASIANPAINT25DEC2780PE,58.25688073394494,09:31,0.4564020600248218,LowerHalf,REJECT,Low Vol (RVOL 0.5 < 2.5) + No Breakout (LowerHalf)
2025-12-11,ASIANPAINT25DEC2720PE,55.68513119533529,09:33,0.2443410939848924,LowerHalf,REJECT,Low Vol (RVOL 0.2 < 2.5) + No Breakout (LowerHalf)
2025-12-11,KOTAKBANK25DEC2160CE,229.1770573566085,09:36,0.47342489884666833,LowerHalf,REJECT,Low Vol (RVOL 0.5 < 2.5) + No Breakout (LowerHalf)
2025-12-11,TCS25DEC3200PE,58.379578246392896,09:36,1.6669026916285092,UpperHalf,REJECT,Low Vol (RVOL 1.7 < 2.5) + No Breakout (UpperHalf)
2025-12-11,TITAN25DEC3740PE,52.53549695740367,09:37,0.6483933270463152,UpperHalf,REJECT,Low Vol (RVOL 0.6 < 2.5) + No Breakout (UpperHalf)
2025-12-11,TITAN25DEC3760PE,56.72413793103449,09:37,0.6483933270463152,UpperHalf,REJECT,Low Vol (RVOL 0.6 < 2.5) + No Breakout (UpperHalf)
2025-12-11,KOTAKBANK25DEC2180CE,274.02135231316726,09:58,0.15734732855902628,LowerHalf,REJECT,Low Vol (RVOL 0.2 < 2.5) + No Breakout (LowerHalf)
2025-12-11,KOTAKBANK25DEC2120CE,145.9697732997481,10:03,0.26369006173308107,LowerHalf,REJECT,Low Vol (RVOL 0.3 < 2.5) + No Breakout (LowerHalf)
2025-12-11,KOTAKBANK25DEC2200CE,305.94059405940595,10:03,0.26369006173308107,LowerHalf,REJECT,Low Vol (RVOL 0.3 < 2.5) + No Breakout (LowerHalf)
2025-12-11,KOTAKBANK25DEC2220CE,345.71428571428567,10:03,0.26369006173308107,LowerHalf,REJECT,Low Vol (RVOL 0.3 < 2.5) + No Breakout (LowerHalf)
2025-12-11,KOTAKBANK25DEC2140CE,172.16666666666669,10:04,1.0606261575266802,LowerHalf,REJECT,Low Vol (RVOL 1.1 < 2.5) + No Breakout (LowerHalf)
2025-12-11,KOTAKBANK25DEC2100CE,111.45454545454545,10:06,1.2868967081142673,LowerHalf,REJECT,Low Vol (RVOL 1.3 < 2.5) + No Breakout (LowerHalf)
2025-12-11,KOTAKBANK25DEC2240CE,343.80952380952385,10:06,1.2868967081142673,LowerHalf,REJECT,Low Vol (RVOL 1.3 < 2.5) + No Breakout (LowerHalf)
2025-12-11,GRASIM25DEC2780CE,96.12903225806451,10:15,0.05581179689657388,LowerHalf,REJECT,Low Vol (RVOL 0.1 < 2.5) + No Breakout (LowerHalf)
2025-12-11,ADANIENT25DEC2100CE,66.88,10:16,0.17786658703601066,LowerHalf,REJECT,Low Vol (RVOL 0.2 < 2.5) + No Breakout (LowerHalf)
2025-12-11,GRASIM25DEC2760CE,86.25472887767968,10:17,0.07827980937718777,UpperHalf,REJECT,Low Vol (RVOL 0.1 < 2.5) + No Breakout (UpperHalf)
2025-12-11,GRASIM25DEC2800CE,99.19999999999999,10:18,0.03803119732385371,LowerHalf,REJECT,Low Vol (RVOL 0.0 < 2.5) + No Breakout (LowerHalf)
2025-12-11,KOTAKBANK25DEC2080CE,76.20320855614976,10:18,0.4638929665971011,LowerHalf,REJECT,Low Vol (RVOL 0.5 < 2.5) + No Breakout (LowerHalf)
2025-12-11,GRASIM25DEC2740CE,71.95004803073968,10:20,0.12300017017535353,UpperHalf,REJECT,Low Vol (RVOL 0.1 < 2.5) + No Breakout (UpperHalf)
2025-12-11,GRASIM25DEC2820CE,105.26315789473684,10:20,0.12300017017535353,UpperHalf,REJECT,Low Vol (RVOL 0.1 < 2.5) + No Breakout (UpperHalf)
2025-12-11,KOTAKBANK25DEC2060CE,62.51378169790518,10:24,0.4789834763541269,UpperHalf,REJECT,Low Vol (RVOL 0.5 < 2.5) + No Breakout (UpperHalf)
2025-12-11,DIVISLAB25DEC6350CE,101.62715016271503,10:27,0.06651753599336961,UpperHalf,REJECT,Low Vol (RVOL 0.1 < 2.5) + No Breakout (UpperHalf)
2025-12-11,DIVISLAB25DEC6500CE,132.51589464123526,10:27,0.06651753599336961,UpperHalf,REJECT,Low Vol (RVOL 0.1 < 2.5) + No Breakout (UpperHalf)
2025-12-11,DIVISLAB25DEC6400CE,104.94505494505495,10:29,0.039289621431302955,UpperHalf,REJECT,Low Vol (RVOL 0.0 < 2.5) + No Breakout (UpperHalf)
2025-12-11,DIVISLAB25DEC6450CE,116.73611111111113,10:29,0.039289621431302955,UpperHalf,REJECT,Low Vol (RVOL 0.0 < 2.5) + No Breakout (UpperHalf)
2025-12-11,DIVISLAB25DEC6300CE,89.36963819470346,10:30,0.054006505841717824,AboveUpper,REJECT,Low Vol (RVOL 0.1 < 2.5)
2025-12-11,TITAN25DEC3760CE,50.822784810126585,10:32,0.23596950838894823,UpperHalf,REJECT,Low Vol (RVOL 0.2 < 2.5) + No Breakout (UpperHalf)
2025-12-11,ULTRACEMCO25DEC11400CE,53.06122448979592,10:32,0.15306758407496907,AboveUpper,REJECT,Low Vol (RVOL 0.2 < 2.5)
2025-12-11,ULTRACEMCO25DEC11500CE,52.697674418604656,10:32,0.15306758407496907,AboveUpper,REJECT,Low Vol (RVOL 0.2 < 2.5)
2025-12-11,ULTRACEMCO25DEC11600CE,64.36619718309859,10:32,0.15306758407496907,AboveUpper,REJECT,Low Vol (RVOL 0.2 < 2.5)
2025-12-11,DRREDDY25DEC1240CE,50.16666666666666,10:41,0.7596207519973089,LowerHalf,REJECT,Low Vol (RVOL 0.8 < 2.5) + No Breakout (LowerHalf)
2025-12-11,ADANIENT25DEC2200CE,78.44396859386154,10:50,2.1371924746739723,LowerHalf,REJECT,Low Vol (RVOL 2.1 < 2.5) + No Breakout (LowerHalf)
2025-12-11,ADANIENT25DEC2300CE,82.37082066869301,12:36,1.4209392221289265,LowerHalf,REJECT,Low Vol (RVOL 1.4 < 2.5) + No Breakout (LowerHalf)
2025-12-12,AXISBANK25DEC1310CE,62.5,09:15,,LowerHalf,REJECT,No Breakout (LowerHalf)
2025-12-12,HINDALCO25DEC820CE,87.99999999999999,09:15,,LowerHalf,REJECT,No Breakout (LowerHalf)
2025-12-12,HINDALCO25DEC830CE,108.95522388059702,09:15,,LowerHalf,REJECT,No Breakout (LowerHalf)
2025-12-12,HINDALCO25DEC840CE,122.0,09:15,,LowerHalf,REJECT,No Breakout (LowerHalf)
2025-12-12,HINDALCO25DEC850CE,125.13089005235601,09:15,,LowerHalf,REJECT,No Breakout (LowerHalf)
2025-12-12,HINDALCO25DEC860CE,148.06201550387595,09:15,,LowerHalf,REJECT,No Breakout (LowerHalf)
2025-12-12,LT25DEC4100CE,71.06741573033707,09:15,,UpperHalf,REJECT,No Breakout (UpperHalf)
2025-12-12,LT25DEC4200CE,132.5,09:15,,UpperHalf,REJECT,No Breakout (UpperHalf)
2025-12-12,LT25DEC4000CE,51.59817351598176,09:16,0.6713107051821626,UpperHalf,REJECT,Low Vol (RVOL 0.7 < 2.5) + No Breakout (UpperHalf)
2025-12-12,BPCL25DEC350CE,95.33678756476685,09:17,1.6213840012049348,LowerHalf,REJECT,Low Vol (RVOL 1.6 < 2.5) + No Breakout (LowerHalf)
2025-12-12,ULTRACEMCO25DEC11400CE,70.31216818857507,09:17,0.12893313350042804,UpperHalf,REJECT,Low Vol (RVOL 0.1 < 2.5) + No Breakout (UpperHalf)
2025-12-12,ULTRACEMCO25DEC11500CE,89.46749043836424,09:17,0.12893313350042804,UpperHalf,REJECT,Low Vol (RVOL 0.1 < 2.5) + No Breakout (UpperHalf)
2025-12-12,ULTRACEMCO25DEC11700CE,106.01336302895324,09:17,0.12893313350042804,UpperHalf,REJECT,Low Vol (RVOL 0.1 < 2.5) + No Breakout (UpperHalf)
2025-12-12,ULTRACEMCO25DEC11800CE,127.81954887218046,09:17,0.12893313350042804,UpperHalf,REJECT,Low Vol (RVOL 0.1 < 2.5) + No Breakout (UpperHalf)
2025-12-12,ULTRACEMCO25DEC11900CE,132.12121212121212,09:17,0.12893313350042804,UpperHalf,REJECT,Low Vol (RVOL 0.1 < 2.5) + No Breakout (UpperHalf)
2025-12-12,MARUTI25DEC16400CE,82.85714285714286,09:18,0.17222374637416427,AboveUpper,REJECT,Low Vol (RVOL 0.2 < 2.5)
2025-12-12,MARUTI25DEC16500CE,83.556338028169,09:18,0.17222374637416427,AboveUpper,REJECT,Low Vol (RVOL 0.2 < 2.5)
2025-12-12,MARUTI25DEC16700CE,100.05991611743556,09:18,0.17222374637416427,AboveUpper,REJECT,Low Vol (RVOL 0.2 < 2.5)
2025-12-12,ULTRACEMCO25DEC11600CE,80.67104303428154,09:18,0.04564281039194335,AboveUpper,REJECT,Low Vol (RVOL 0.0 < 2.5)
2025-12-12,MARUTI25DEC16600CE,90.8393501805054,09:19,0.38417118019205315,AboveUpper,REJECT,Low Vol (RVOL 0.4 < 2.5)
2025-12-12,APOLLOHOSP25DEC7150CE,71.49853085210577,09:27,0.025868157146026922,UpperHalf,REJECT,Low Vol (RVOL 0.0 < 2.5) + No Breakout (UpperHalf)
2025-12-12,MARUTI25DEC16300CE,60.595957491144006,09:29,0.15762925598990254,AboveUpper,REJECT,Low Vol (RVOL 0.2 < 2.5)
2025-12-12,NESTLEIND25DEC1230CE,102.7149321266968,09:32,0.07106242898322797,LowerHalf,REJECT,Low Vol (RVOL 0.1 < 2.5) + No Breakout (LowerHalf)
2025-12-12,NESTLEIND25DEC1240CE,107.97546012269936,09:33,0.19101295377371466,LowerHalf,REJECT,Low Vol (RVOL 0.2 < 2.5) + No Breakout (LowerHalf)
2025-12-12,JSWSTEEL25DEC1130CE,50.50505050505052,09:38,0.918999917891358,LowerHalf,REJECT,Low Vol (RVOL 0.9 < 2.5) + No Breakout (LowerHalf)
2025-12-12,MARUTI25DEC16200CE,52.60774777796412,09:39,0.028585924719688727,AboveUpper,REJECT,Low Vol (RVOL 0.0 < 2.5)
2025-12-12,NESTLEIND25DEC1250CE,110.92436974789916,09:39,0.02678396386097619,LowerHalf,REJECT,Low Vol (RVOL 0.0 < 2.5) + No Breakout (LowerHalf)
2025-12-12,NESTLEIND25DEC1210CE,72.42206235011992,09:44,0.6322999404144612,LowerHalf,REJECT,Low Vol (RVOL 0.6 < 2.5) + No Breakout (LowerHalf)
2025-12-12,TITAN25DEC3920CE,66.47834274952919,09:45,0.5632874830931903,UpperHalf,REJECT,Low Vol (RVOL 0.6 < 2.5) + No Breakout (UpperHalf)
2025-12-12,HINDUNILVR25DEC2260PE,299.0,09:48,0.9759742618441205,UpperHalf,REJECT,Low Vol (RVOL 1.0 < 2.5) + No Breakout (UpperHalf)
2025-12-12,HINDUNILVR25DEC2280PE,234.21052631578948,09:48,0.9759742618441205,UpperHalf,REJECT,Low Vol (RVOL 1.0 < 2.5) + No Breakout (UpperHalf)
2025-12-12,HINDUNILVR25DEC2300PE,196.04651162790697,09:48,0.9759742618441205,UpperHalf,REJECT,Low Vol (RVOL 1.0 < 2.5) + No Breakout (UpperHalf)
2025-12-12,TITAN25DEC3900CE,52.73492286115008,09:56,0.0830167114570624,UpperHalf,REJECT,Low Vol (RVOL 0.1 < 2.5) + No Breakout (UpperHalf)
2025-12-12,HINDUNILVR25DEC2240PE,314.0,10:04,0.692038972333079,LowerHalf,REJECT,Low Vol (RVOL 0.7 < 2.5) + No Breakout (LowerHalf)
2025-12-12,HINDUNILVR25DEC2320PE,135.29411764705884,10:05,1.4686011260283718,LowerHalf,REJECT,Low Vol (RVOL 1.5 < 2.5) + No Breakout (LowerHalf)
2025-12-12,HINDUNILVR25DEC2340PE,110.32608695652173,10:05,1.4686011260283718,LowerHalf,REJECT,Low Vol (RVOL 1.5 < 2.5) + No Breakout (LowerHalf)
2025-12-12,ASIANPAINT25DEC2700PE,62.132352941176485,10:13,0.6279657361186852,UpperHalf,REJECT,Low Vol (RVOL 0.6 < 2.5) + No Breakout (UpperHalf)
2025-12-12,ASIANPAINT25DEC2800PE,52.17391304347826,10:16,0.45859471046241157,UpperHalf,REJECT,Low Vol (RVOL 0.5 < 2.5) + No Breakout (UpperHalf)
2025-12-12,APOLLOHOSP25DEC7100CE,58.54166666666667,10:33,0.040022991180829866,UpperHalf,REJECT,Low Vol (RVOL 0.0 < 2.5) + No Breakout (UpperHalf)
2025-12-12,NESTLEIND25DEC1220CE,80.12422360248446,11:01,2.2745164755248424,LowerHalf,REJECT,Low Vol (RVOL 2.3 < 2.5) + No Breakout (LowerHalf)
2025-12-12,NESTLEIND25DEC1200CE,51.16666666666667,12:16,1.2695532039253001,LowerHalf,REJECT,Low Vol (RVOL 1.3 < 2.5) + No Breakout (LowerHalf)
2025-12-12,BRITANNIA25DEC5900CE,50.678087080656674,12:17,0.23208353472809165,UpperHalf,REJECT,Low Vol (RVOL 0.2 < 2.5) + No Breakout (UpperHalf)
2025-12-15,M&M25DEC3650PE,72.43523316062178,09:15,0.0,Mid,No Spot Data,No Data
2025-12-15,SUNPHARMA25DEC1760PE,55.48387096774194,09:15,,LowerHalf,REJECT,No Breakout (LowerHalf)
2025-12-15,SUNPHARMA25DEC1800PE,51.688311688311686,09:15,,LowerHalf,REJECT,No Breakout (LowerHalf)
2025-12-15,BAJAJ-AUTO25DEC9000PE,61.61891768985901,09:17,0.0,Mid,No Spot Data,No Data
2025-12-15,EICHERMOT25DEC7100PE,72.59816207184628,09:17,0.16634980988592526,UpperHalf,REJECT,Low Vol (RVOL 0.2 < 2.5) + No Breakout (UpperHalf)
2025-12-15,M&M25DEC3600PE,50.06711409395973,09:17,0.0,Mid,No Spot Data,No Data
2025-12-15,BAJAJ-AUTO25DEC8900PE,59.02688860435341,09:18,0.0,Mid,No Spot Data,No Data
2025-12-15,ASIANPAINT25DEC2820CE,58.10473815461346,09:19,1.9540370334430683,UpperHalf,REJECT,Low Vol (RVOL 2.0 < 2.5) + No Breakout (UpperHalf)
2025-12-15,ASIANPAINT25DEC2840CE,58.666666666666664,09:19,1.9540370334430683,UpperHalf,REJECT,Low Vol (RVOL 2.0 < 2.5) + No Breakout (UpperHalf)
2025-12-15,ONGC25DEC250PE,50.58275058275058,09:19,13.1390045077842,LowerHalf,REJECT,No Breakout (LowerHalf)
2025-12-15,ULTRACEMCO25DEC11900CE,51.73631547969394,09:21,0.040682506935456185,UpperHalf,REJECT,Low Vol (RVOL 0.0 < 2.5) + No Breakout (UpperHalf)
2025-12-15,BRITANNIA25DEC5850CE,132.21343873517787,09:23,0.02254242856180525,UpperHalf,REJECT,Low Vol (RVOL 0.0 < 2.5) + No Breakout (UpperHalf)
2025-12-15,BRITANNIA25DEC5950CE,160.30719482619241,09:26,0.08753791774015393,UpperHalf,REJECT,Low Vol (RVOL 0.1 < 2.5) + No Breakout (UpperHalf)
2025-12-15,BRITANNIA25DEC6000CE,184.68368479467262,09:26,0.08753791774015393,UpperHalf,REJECT,Low Vol (RVOL 0.1 < 2.5) + No Breakout (UpperHalf)
2025-12-15,HINDUNILVR25DEC2240CE,57.757644394111004,09:38,0.8116448252368375,LowerHalf,REJECT,Low Vol (RVOL 0.8 < 2.5) + No Breakout (LowerHalf)
2025-12-15,BRITANNIA25DEC6050CE,187.85714285714286,09:40,0.10131096973201259,UpperHalf,REJECT,Low Vol (RVOL 0.1 < 2.5) + No Breakout (UpperHalf)
2025-12-15,HINDUNILVR25DEC2280CE,66.04166666666667,09:40,2.045671810840406,LowerHalf,REJECT,Low Vol (RVOL 2.0 < 2.5) + No Breakout (LowerHalf)
2025-12-15,BRITANNIA25DEC5900CE,97.30941704035875,09:41,0.05789446294753618,UpperHalf,REJECT,Low Vol (RVOL 0.1 < 2.5) + No Breakout (UpperHalf)
2025-12-15,HINDUNILVR25DEC2260CE,54.714285714285715,09:53,0.6022501788261121,UpperHalf,REJECT,Low Vol (RVOL 0.6 < 2.5) + No Breakout (UpperHalf)
2025-12-15,HINDUNILVR25DEC2300CE,58.806818181818166,09:53,0.6022501788261121,UpperHalf,REJECT,Low Vol (RVOL 0.6 < 2.5) + No Breakout (UpperHalf)
2025-12-15,HINDUNILVR25DEC2320CE,57.37704918032788,09:53,0.6022501788261121,UpperHalf,REJECT,Low Vol (RVOL 0.6 < 2.5) + No Breakout (UpperHalf)
2025-12-15,NESTLEIND25DEC1260CE,106.4,10:17,0.20432252462988662,LowerHalf,REJECT,Low Vol (RVOL 0.2 < 2.5) + No Breakout (LowerHalf)
2025-12-15,NESTLEIND25DEC1240CE,80.56680161943322,10:18,0.46446716312385944,LowerHalf,REJECT,Low Vol (RVOL 0.5 < 2.5) + No Breakout (LowerHalf)
2025-12-15,TATACONSUM25DEC1150CE,86.21700879765395,10:18,0.12934844042193208,LowerHalf,REJECT,Low Vol (RVOL 0.1 < 2.5) + No Breakout (LowerHalf)
2025-12-15,HCLTECH25DEC1700CE,60.86956521739131,10:21,2.263727142549031,LowerHalf,REJECT,Low Vol (RVOL 2.3 < 2.5) + No Breakout (LowerHalf)
2025-12-15,TATACONSUM25DEC1160CE,95.43726235741444,10:29,0.4481355095998749,LowerHalf,REJECT,Low Vol (RVOL 0.4 < 2.5) + No Breakout (LowerHalf)
2025-12-15,TATACONSUM25DEC1180CE,112.66666666666664,10:29,0.4481355095998749,LowerHalf,REJECT,Low Vol (RVOL 0.4 < 2.5) + No Breakout (LowerHalf)
2025-12-15,NESTLEIND25DEC1230CE,68.62170087976538,10:30,0.13052171968205267,LowerHalf,REJECT,Low Vol (RVOL 0.1 < 2.5) + No Breakout (LowerHalf)
2025-12-15,NESTLEIND25DEC1250CE,81.91489361702129,10:30,0.13052171968205267,LowerHalf,REJECT,Low Vol (RVOL 0.1 < 2.5) + No Breakout (LowerHalf)
2025-12-15,TATACONSUM25DEC1140CE,71.42857142857143,10:32,0.1026483268322538,LowerHalf,REJECT,Low Vol (RVOL 0.1 < 2.5) + No Breakout (LowerHalf)
2025-12-15,TATACONSUM25DEC1130CE,57.44680851063829,10:33,1.1467578895459976,LowerHalf,REJECT,Low Vol (RVOL 1.1 < 2.5) + No Breakout (LowerHalf)
2025-12-15,TATACONSUM25DEC1170CE,85.3881278538813,10:34,0.34295484826883954,LowerHalf,REJECT,Low Vol (RVOL 0.3 < 2.5) + No Breakout (LowerHalf)
2025-12-15,NESTLEIND25DEC1220CE,53.17796610169489,10:42,0.7809020805823792,LowerHalf,REJECT,Low Vol (RVOL 0.8 < 2.5) + No Breakout (LowerHalf)
2025-12-16,AXISBANK25DEC1280PE,295.6953642384106,09:15,,LowerHalf,REJECT,No Breakout (LowerHalf)
2025-12-16,BHARTIARTL25DEC2120CE,75.83333333333334,09:15,,LowerHalf,REJECT,No Breakout (LowerHalf)
2025-12-16,INFY25DEC1580PE,67.30769230769229,09:15,,LowerHalf,REJECT,No Breakout (LowerHalf)
2025-12-16,ULTRACEMCO25DEC11700PE,85.59670781893004,09:15,,LowerHalf,REJECT,No Breakout (LowerHalf)
2025-12-16,AXISBANK25DEC1250PE,484.1666666666666,09:16,1.1704517535900716,LowerHalf,REJECT,Low Vol (RVOL 1.2 < 2.5) + No Breakout (LowerHalf)
2025-12-16,AXISBANK25DEC1260PE,409.5238095238095,09:16,1.1704517535900716,LowerHalf,REJECT,Low Vol (RVOL 1.2 < 2.5) + No Breakout (LowerHalf)
2025-12-16,AXISBANK25DEC1270PE,323.43096234309627,09:16,1.1704517535900716,LowerHalf,REJECT,Low Vol (RVOL 1.2 < 2.5) + No Breakout (LowerHalf)
2025-12-16,BHARTIARTL25DEC2100CE,54.75,09:16,1.324753974261889,LowerHalf,REJECT,Low Vol (RVOL 1.3 < 2.5) + No Breakout (LowerHalf)
2025-12-16,HCLTECH25DEC1640PE,71.68949771689499,09:16,0.6045149874233443,LowerHalf,REJECT,Low Vol (RVOL 0.6 < 2.5) + No Breakout (LowerHalf)
2025-12-16,HCLTECH25DEC1660PE,66.07669616519173,09:16,0.6045149874233443,LowerHalf,REJECT,Low Vol (RVOL 0.6 < 2.5) + No Breakout (LowerHalf)
2025-12-16,HCLTECH25DEC1680PE,59.72495088408645,09:16,0.6045149874233443,LowerHalf,REJECT,Low Vol (RVOL 0.6 < 2.5) + No Breakout (LowerHalf)
2025-12-16,HCLTECH25DEC1620PE,61.74496644295303,09:17,0.43888089198703295,LowerHalf,REJECT,Low Vol (RVOL 0.4 < 2.5) + No Breakout (LowerHalf)
2025-12-16,JSWSTEEL25DEC1100PE,150.42016806722685,09:17,0.37505090278899134,LowerHalf,REJECT,Low Vol (RVOL 0.4 < 2.5) + No Breakout (LowerHalf)
2025-12-16,NESTLEIND25DEC1270CE,207.14285714285717,09:17,0.13374563995274807,LowerHalf,REJECT,Low Vol (RVOL 0.1 < 2.5) + No Breakout (LowerHalf)
2025-12-16,AXISBANK25DEC1290PE,174.8,09:18,1.0787982298160212,LowerHalf,REJECT,Low Vol (RVOL 1.1 < 2.5) + No Breakout (LowerHalf)
2025-12-16,BRITANNIA25DEC6050CE,74.6068724519511,09:18,0.06755751235907441,UpperHalf,REJECT,Low Vol (RVOL 0.1 < 2.5) + No Breakout (UpperHalf)
2025-12-16,NESTLEIND25DEC1240CE,140.2826855123675,09:18,0.16213520822280492,LowerHalf,REJECT,Low Vol (RVOL 0.2 < 2.5) + No Breakout (LowerHalf)
2025-12-16,NESTLEIND25DEC1260CE,186.1842105263158,09:18,0.16213520822280492,LowerHalf,REJECT,Low Vol (RVOL 0.2 < 2.5) + No Breakout (LowerHalf)
2025-12-16,BRITANNIA25DEC6100CE,81.74242424242425,09:19,0.04241996217458359,UpperHalf,REJECT,Low Vol (RVOL 0.0 < 2.5) + No Breakout (UpperHalf)
2025-12-16,BRITANNIA25DEC6150CE,91.06957424714435,09:19,0.04241996217458359,UpperHalf,REJECT,Low Vol (RVOL 0.0 < 2.5) + No Breakout (UpperHalf)
2025-12-16,JSWSTEEL25DEC1080PE,177.44360902255636,09:20,0.7889466714040514,LowerHalf,REJECT,Low Vol (RVOL 0.8 < 2.5) + No Breakout (LowerHalf)
2025-12-16,TATACONSUM25DEC1160CE,64.1304347826087,09:20,0.47955277067571017,LowerHalf,REJECT,Low Vol (RVOL 0.5 < 2.5) + No Breakout (LowerHalf)
2025-12-16,TATACONSUM25DEC1170CE,65.52901023890784,09:20,0.47955277067571017,LowerHalf,REJECT,Low Vol (RVOL 0.5 < 2.5) + No Breakout (LowerHalf)
2025-12-16,TATACONSUM25DEC1180CE,69.64285714285715,09:20,0.47955277067571017,LowerHalf,REJECT,Low Vol (RVOL 0.5 < 2.5) + No Breakout (LowerHalf)
2025-12-16,NESTLEIND25DEC1230CE,112.11340206185567,09:22,0.2464555591755872,LowerHalf,REJECT,Low Vol (RVOL 0.2 < 2.5) + No Breakout (LowerHalf)
2025-12-16,TITAN25DEC3880CE,136.36363636363635,09:23,0.23782580465631778,UpperHalf,REJECT,Low Vol (RVOL 0.2 < 2.5) + No Breakout (UpperHalf)
2025-12-16,NESTLEIND25DEC1250CE,140.43478260869563,09:24,0.05759757849175588,LowerHalf,REJECT,Low Vol (RVOL 0.1 < 2.5) + No Breakout (LowerHalf)
2025-12-16,HINDALCO25DEC820PE,52.21238938053096,09:25,0.9705143615896381,LowerHalf,REJECT,Low Vol (RVOL 1.0 < 2.5) + No Breakout (LowerHalf)
2025-12-16,TITAN25DEC3820CE,99.23371647509579,09:25,0.17534456355281816,UpperHalf,REJECT,Low Vol (RVOL 0.2 < 2.5) + No Breakout (UpperHalf)
2025-12-16,JSWSTEEL25DEC1110PE,92.77777777777779,09:26,0.2958800798969277,LowerHalf,REJECT,Low Vol (RVOL 0.3 < 2.5) + No Breakout (LowerHalf)
2025-12-16,HDFCLIFE25DEC780CE,55.675675675675684,09:27,1.3429770201708808,LowerHalf,REJECT,Low Vol (RVOL 1.3 < 2.5) + No Breakout (LowerHalf)
2025-12-16,TITAN25DEC3840CE,109.09090909090908,09:27,0.1651579860126125,UpperHalf,REJECT,Low Vol (RVOL 0.2 < 2.5) + No Breakout (UpperHalf)
2025-12-16,TITAN25DEC3920CE,149.375,09:27,0.1651579860126125,UpperHalf,REJECT,Low Vol (RVOL 0.2 < 2.5) + No Breakout (UpperHalf)
2025-12-16,TITAN25DEC3800CE,78.64832535885168,09:28,1.3865839286141928,UpperHalf,REJECT,Low Vol (RVOL 1.4 < 2.5) + No Breakout (UpperHalf)
2025-12-16,TITAN25DEC3860CE,107.68431983385256,09:28,1.3865839286141928,UpperHalf,REJECT,Low Vol (RVOL 1.4 < 2.5) + No Breakout (UpperHalf)
2025-12-16,TITAN25DEC3900CE,116.69195751138088,09:29,0.18858606813680537,UpperHalf,REJECT,Low Vol (RVOL 0.2 < 2.5) + No Breakout (UpperHalf)
2025-12-16,TITAN25DEC3940CE,146.01990049751242,09:29,0.18858606813680537,UpperHalf,REJECT,Low Vol (RVOL 0.2 < 2.5) + No Breakout (UpperHalf)
2025-12-16,TITAN25DEC3960CE,162.37942122186493,09:29,0.18858606813680537,UpperHalf,REJECT,Low Vol (RVOL 0.2 < 2.5) + No Breakout (UpperHalf)
2025-12-16,JSWSTEEL25DEC1090PE,122.96650717703352,09:30,0.3518353805000705,LowerHalf,REJECT,Low Vol (RVOL 0.4 < 2.5) + No Breakout (LowerHalf)
2025-12-16,JSWSTEEL25DEC1120PE,72.5,09:36,0.2319345471241025,LowerHalf,REJECT,Low Vol (RVOL 0.2 < 2.5) + No Breakout (LowerHalf)
2025-12-16,BAJFINANCE25DEC1000PE,51.40186915887851,09:45,0.47529666736002124,LowerHalf,REJECT,Low Vol (RVOL 0.5 < 2.5) + No Breakout (LowerHalf)
2025-12-16,ITC25DEC400CE,51.78571428571429,09:53,3.686981370906316,LowerHalf,REJECT,No Breakout (LowerHalf)
2025-12-16,ONGC25DEC240PE,54.867256637168126,09:59,2.135845028523244,LowerHalf,REJECT,Low Vol (RVOL 2.1 < 2.5) + No Breakout (LowerHalf)
2025-12-16,ULTRACEMCO25DEC11400PE,105.24193548387093,09:59,0.010509982879156818,UpperHalf,REJECT,Low Vol (RVOL 0.0 < 2.5) + No Breakout (UpperHalf)
2025-12-16,BAJAJFINSV25DEC2000PE,89.15662650602407,10:00,0.360027480996675,LowerHalf,REJECT,Low Vol (RVOL 0.4 < 2.5) + No Breakout (LowerHalf)
2025-12-16,BAJAJFINSV25DEC2060PE,68.46153846153845,10:00,0.360027480996675,LowerHalf,REJECT,Low Vol (RVOL 0.4 < 2.5) + No Breakout (LowerHalf)
2025-12-16,COALINDIA25DEC390PE,57.55395683453236,10:01,0.2516720490200489,LowerHalf,REJECT,Low Vol (RVOL 0.3 < 2.5) + No Breakout (LowerHalf)
2025-12-16,JSWSTEEL25DEC1070PE,120.96774193548386,10:01,0.48360856880579456,LowerHalf,REJECT,Low Vol (RVOL 0.5 < 2.5) + No Breakout (LowerHalf)
2025-12-16,BAJAJFINSV25DEC2020PE,79.60784313725489,10:03,0.039135685190889516,LowerHalf,REJECT,Low Vol (RVOL 0.0 < 2.5) + No Breakout (LowerHalf)
2025-12-16,BAJAJFINSV25DEC2080PE,54.8913043478261,10:09,0.09602241478457693,LowerHalf,REJECT,Low Vol (RVOL 0.1 < 2.5) + No Breakout (LowerHalf)
2025-12-16,BAJAJFINSV25DEC2040PE,65.46391752577321,10:10,0.23619711656414924,LowerHalf,REJECT,Low Vol (RVOL 0.2 < 2.5) + No Breakout (LowerHalf)
2025-12-16,ULTRACEMCO25DEC11800PE,56.63507109004738,11:29,0.02598994538232037,AboveUpper,REJECT,Low Vol (RVOL 0.0 < 2.5)
2025-12-16,GRASIM25DEC2800PE,54.92957746478873,11:30,0.08559064208978677,LowerHalf,REJECT,Low Vol (RVOL 0.1 < 2.5) + No Breakout (LowerHalf)
2025-12-16,ULTRACEMCO25DEC11500PE,77.29022324865281,11:39,0.3195143046678817,UpperHalf,REJECT,Low Vol (RVOL 0.3 < 2.5) + No Breakout (UpperHalf)
2025-12-16,ULTRACEMCO25DEC11600PE,63.849999999999994,11:39,0.3195143046678817,UpperHalf,REJECT,Low Vol (RVOL 0.3 < 2.5) + No Breakout (UpperHalf)
2025-12-16,GRASIM25DEC2760PE,56.682027649769594,11:43,0.49239547366322695,UpperHalf,REJECT,Low Vol (RVOL 0.5 < 2.5) + No Breakout (UpperHalf)
2025-12-16,ULTRACEMCO25DEC11300PE,74.59749552772807,11:55,0.03753199324221413,UpperHalf,REJECT,Low Vol (RVOL 0.0 < 2.5) + No Breakout (UpperHalf)
2025-12-16,APOLLOHOSP25DEC7150PE,59.23248053392658,12:19,0.5367069196855336,UpperHalf,REJECT,Low Vol (RVOL 0.5 < 2.5) + No Breakout (UpperHalf)
2025-12-16,APOLLOHOSP25DEC7050PE,56.174558960074265,13:24,0.1357770450127449,UpperHalf,REJECT,Low Vol (RVOL 0.1 < 2.5) + No Breakout (UpperHalf)
2025-12-16,HDFCLIFE25DEC760PE,62.616822429906534,14:16,0.1811251636058588,LowerHalf,REJECT,Low Vol (RVOL 0.2 < 2.5) + No Breakout (LowerHalf)
